"DateTime";"Players";"Average Players"
"2023-08-10 00:00:00";40108;31871
"2023-08-11 00:00:00";75608;47590
"2023-08-12 00:00:00";71406;45697
"2023-08-13 00:00:00";67518;42430
"2023-08-14 00:00:00";61934;35758
"2023-08-15 00:00:00";58538;33579
"2023-08-16 00:00:00";53071;30753
"2023-08-17 00:00:00";50590;27457
"2023-08-18 00:00:00";48702;28384
"2023-08-19 00:00:00";47477;29414
"2023-08-20 00:00:00";46328;29013
"2023-08-21 00:00:00";43317;24904
"2023-08-22 00:00:00";41237;23656
"2023-08-23 00:00:00";41922;23796
"2023-08-24 00:00:00";40880;23136
"2023-08-25 00:00:00";34962;21485
"2023-08-26 00:00:00";38850;24781
"2023-08-27 00:00:00";38932;25147
"2023-08-28 00:00:00";36437;21048
"2023-08-29 00:00:00";36319;20689
"2023-08-30 00:00:00";34299;20050
"2023-08-31 00:00:00";32279;19134
"2023-09-01 00:00:00";33140;19160
"2023-09-02 00:00:00";34158;21833
"2023-09-03 00:00:00";33306;21452
"2023-09-04 00:00:00";30492;18046
"2023-09-05 00:00:00";29626;16732
"2023-09-06 00:00:00";28474;16076
"2023-09-07 00:00:00";28465;16052
"2023-09-08 00:00:00";30434;17992
"2023-09-09 00:00:00";32327;21179
"2023-09-10 00:00:00";31774;21084
"2023-09-11 00:00:00";28697;16420
"2023-09-12 00:00:00";28407;16131
"2023-09-13 00:00:00";28528;16023
"2023-09-14 00:00:00";27256;15673
"2023-09-15 00:00:00";29349;16971
"2023-09-16 00:00:00";31584;20119
"2023-09-17 00:00:00";30428;19940
"2023-09-18 00:00:00";26716;15562
"2023-09-19 00:00:00";26281;15448
"2023-09-20 00:00:00";28897;16785
"2023-09-21 00:00:00";28276;16422
"2023-09-22 00:00:00";30622;17938
"2023-09-23 00:00:00";33108;21371
"2023-09-24 00:00:00";31932;21150
"2023-09-25 00:00:00";27818;16234
"2023-09-26 00:00:00";27263;16030
"2023-09-27 00:00:00";27550;15868
"2023-09-28 00:00:00";25633;15562
"2023-09-29 00:00:00";25149;16625
"2023-09-30 00:00:00";27173;18806
"2023-10-01 00:00:00";26803;18817
"2023-10-02 00:00:00";23837;16028
"2023-10-03 00:00:00";23769;15963
"2023-10-04 00:00:00";25000;16464
"2023-10-05 00:00:00";26887;16837
"2023-10-06 00:00:00";27704;17679
"2023-10-07 00:00:00";29876;19133
"2023-10-08 00:00:00";30818;19346
"2023-10-09 00:00:00";27181;16885
"2023-10-10 00:00:00";31252;18373
"2023-10-11 00:00:00";38396;23686
"2023-10-12 00:00:00";36379;21844
"2023-10-13 00:00:00";36481;22384
"2023-10-14 00:00:00";37780;25135
"2023-10-15 00:00:00";36760;24660
"2023-10-16 00:00:00";31605;18869
"2023-10-17 00:00:00";31457;18451
"2023-10-18 00:00:00";31188;18332
"2023-10-19 00:00:00";30682;18222
"2023-10-20 00:00:00";33357;19824
"2023-10-21 00:00:00";35764;23307
"2023-10-22 00:00:00";34069;22924
"2023-10-23 00:00:00";29842;17799
"2023-10-24 00:00:00";30159;17826
"2023-10-25 00:00:00";30831;17999
"2023-10-26 00:00:00";29811;17378
"2023-10-27 00:00:00";31426;18461
"2023-10-28 00:00:00";32676;21358
"2023-10-29 00:00:00";31249;20960
"2023-10-30 00:00:00";27577;16771
"2023-10-31 00:00:00";28395;16631
"2023-11-01 00:00:00";28590;18387
"2023-11-02 00:00:00";33501;20949
"2023-11-03 00:00:00";31823;21382
"2023-11-04 00:00:00";38926;26807
"2023-11-05 00:00:00";37610;26016
"2023-11-06 00:00:00";34007;20475
"2023-11-07 00:00:00";33081;19902
"2023-11-08 00:00:00";31957;19109
"2023-11-09 00:00:00";33067;19141
"2023-11-10 00:00:00";34102;20816
"2023-11-11 00:00:00";36274;24018
"2023-11-12 00:00:00";35210;23620
"2023-11-13 00:00:00";30732;18598
"2023-11-14 00:00:00";31617;18720
"2023-11-15 00:00:00";33076;20259
"2023-11-16 00:00:00";32041;19210
"2023-11-17 00:00:00";35002;21006
"2023-11-18 00:00:00";38048;24983
"2023-11-19 00:00:00";36252;24093
"2023-11-20 00:00:00";31855;19717
"2023-11-21 00:00:00";32311;19271
"2023-11-22 00:00:00";32331;19317
"2023-11-23 00:00:00";31115;19107
"2023-11-24 00:00:00";32953;19758
"2023-11-25 00:00:00";34100;22650
"2023-11-26 00:00:00";32506;22101
"2023-11-27 00:00:00";28670;17390
"2023-11-28 00:00:00";29435;17330
"2023-11-29 00:00:00";29986;17932
"2023-11-30 00:00:00";30505;18053
"2023-12-01 00:00:00";32661;19493
"2023-12-02 00:00:00";34707;23453
"2023-12-03 00:00:00";33733;22867
"2023-12-04 00:00:00";30075;18163
"2023-12-05 00:00:00";30673;20382
"2023-12-06 00:00:00";38940;24404
"2023-12-07 00:00:00";35538;21689
"2023-12-08 00:00:00";35118;21060
"2023-12-09 00:00:00";36523;23768
"2023-12-10 00:00:00";34644;22911
"2023-12-11 00:00:00";30839;18507
"2023-12-12 00:00:00";31156;18344
"2023-12-13 00:00:00";31666;18484
"2023-12-14 00:00:00";30946;18201
"2023-12-15 00:00:00";32702;19428
"2023-12-16 00:00:00";34881;22220
"2023-12-17 00:00:00";33010;21670
"2023-12-18 00:00:00";30050;18100
"2023-12-19 00:00:00";30341;19020
"2023-12-20 00:00:00";33270;20461
"2023-12-21 00:00:00";33273;20367
"2023-12-22 00:00:00";34300;20084
"2023-12-23 00:00:00";34654;22356
"2023-12-24 00:00:00";32577;21022
"2023-12-25 00:00:00";30717;18423
"2023-12-26 00:00:00";32596;20008
"2023-12-27 00:00:00";32386;20588
"2023-12-28 00:00:00";32786;20882
"2023-12-29 00:00:00";33256;21684
"2023-12-30 00:00:00";32385;22616
"2023-12-31 00:00:00";28746;21216
"2024-01-01 00:00:00";30555;20863
"2024-01-02 00:00:00";31040;20750
"2024-01-03 00:00:00";32467;21056
"2024-01-04 00:00:00";32214;20715
"2024-01-05 00:00:00";34200;21765
"2024-01-06 00:00:00";35700;24561
"2024-01-07 00:00:00";34615;24427
"2024-01-08 00:00:00";30925;20437
"2024-01-09 00:00:00";31352;19968
"2024-01-10 00:00:00";29117;19213
"2024-01-11 00:00:00";28995;18917
"2024-01-12 00:00:00";31462;20571
"2024-01-13 00:00:00";32767;23187
"2024-01-14 00:00:00";31107;22518
"2024-01-15 00:00:00";27236;19435
"2024-01-16 00:00:00";28332;19446
"2024-01-17 00:00:00";28701;19090
"2024-01-18 00:00:00";28375;18873
"2024-01-19 00:00:00";29600;20000
"2024-01-20 00:00:00";31008;22178
"2024-01-21 00:00:00";29072;21495
"2024-01-22 00:00:00";24948;17489
"2024-01-23 00:00:00";24658;17171
"2024-01-24 00:00:00";24629;17413
"2024-01-25 00:00:00";24644;17427
"2024-01-26 00:00:00";26248;18347
"2024-01-27 00:00:00";28676;20890
"2024-01-28 00:00:00";28213;21137
"2024-01-29 00:00:00";25055;17743
"2024-01-30 00:00:00";25673;18049
"2024-01-31 00:00:00";26975;18660
"2024-02-01 00:00:00";26184;18594
"2024-02-02 00:00:00";28377;20027
"2024-02-03 00:00:00";30568;22637
"2024-02-04 00:00:00";30589;22648
"2024-02-05 00:00:00";26188;19254
"2024-02-06 00:00:00";26030;18792
"2024-02-07 00:00:00";25917;19237
"2024-02-08 00:00:00";26094;19674
"2024-02-09 00:00:00";25263;19970
"2024-02-10 00:00:00";27996;22314
"2024-02-11 00:00:00";28332;22659
"2024-02-12 00:00:00";25602;20256
"2024-02-13 00:00:00";39944;23640
"2024-02-14 00:00:00";38870;31372
"2024-02-15 00:00:00";37481;29084
"2024-02-16 00:00:00";39110;30688
"2024-02-17 00:00:00";41578;33368
"2024-02-18 00:00:00";41337;32768
"2024-02-19 00:00:00";35837;28506
"2024-02-20 00:00:00";35343;26786
"2024-02-21 00:00:00";35713;26385
"2024-02-22 00:00:00";35491;26025
"2024-02-23 00:00:00";37737;27200
"2024-02-24 00:00:00";39089;29821
"2024-02-25 00:00:00";37939;29395
"2024-02-26 00:00:00";33199;23762
"2024-02-27 00:00:00";33128;23537
"2024-02-28 00:00:00";34641;24186
"2024-02-29 00:00:00";33750;23450
"2024-03-01 00:00:00";36176;24943
"2024-03-02 00:00:00";39977;29197
"2024-03-03 00:00:00";38494;29079
"2024-03-04 00:00:00";33569;23127
"2024-03-05 00:00:00";35004;23391
"2024-03-06 00:00:00";33658;22954
"2024-03-07 00:00:00";34000;23090
"2024-03-08 00:00:00";40706;26313
"2024-03-09 00:00:00";41506;29885
"2024-03-10 00:00:00";40464;29690
"2024-03-11 00:00:00";35702;23884
"2024-03-12 00:00:00";37151;24716
"2024-03-13 00:00:00";39744;26652
"2024-03-14 00:00:00";38448;25613
"2024-03-15 00:00:00";40525;26678
"2024-03-16 00:00:00";43456;30371
"2024-03-17 00:00:00";41367;29983
"2024-03-18 00:00:00";36784;24107
"2024-03-19 00:00:00";37814;24400
"2024-03-20 00:00:00";37592;25073
"2024-03-21 00:00:00";35887;23491
"2024-03-22 00:00:00";39501;25476
"2024-03-23 00:00:00";43348;30272
"2024-03-24 00:00:00";42571;30405
"2024-03-25 00:00:00";37089;24576
"2024-03-26 00:00:00";37494;24117
"2024-03-27 00:00:00";35728;23799
"2024-03-28 00:00:00";38166;26451
"2024-03-29 00:00:00";45889;31266
"2024-03-30 00:00:00";45573;31628
"2024-03-31 00:00:00";42541;30954
"2024-04-01 00:00:00";40680;27668
"2024-04-02 00:00:00";41782;26615
"2024-04-03 00:00:00";38917;24799
"2024-04-04 00:00:00";37127;24878
"2024-04-05 00:00:00";38803;25819
"2024-04-06 00:00:00";41325;28535
"2024-04-07 00:00:00";40454;27431
"2024-04-08 00:00:00";36530;22687
"2024-04-09 00:00:00";37055;22451
"2024-04-10 00:00:00";38459;23127
"2024-04-11 00:00:00";37958;23094
"2024-04-12 00:00:00";43122;25953
"2024-04-13 00:00:00";46375;30907
"2024-04-14 00:00:00";45246;30612
"2024-04-15 00:00:00";40240;24318
"2024-04-16 00:00:00";45911;29032
"2024-04-17 00:00:00";57826;36766
"2024-04-18 00:00:00";54563;33793
"2024-04-19 00:00:00";58274;35539
"2024-04-20 00:00:00";61016;40507
"2024-04-21 00:00:00";58424;39477
"2024-04-22 00:00:00";51776;30974
"2024-04-23 00:00:00";51991;31039
"2024-04-24 00:00:00";53178;31693
"2024-04-25 00:00:00";50641;30533
"2024-04-26 00:00:00";52482;31579
"2024-04-27 00:00:00";53736;36224
"2024-04-28 00:00:00";52956;35060
"2024-04-29 00:00:00";46308;29539
"2024-04-30 00:00:00";48016;29974
"2024-05-01 00:00:00";46932;32215
"2024-05-02 00:00:00";43030;29094
"2024-05-03 00:00:00";45075;30391
"2024-05-04 00:00:00";49093;33504
"2024-05-05 00:00:00";50073;33823
"2024-05-06 00:00:00";45194;28287
"2024-05-07 00:00:00";44314;26531
"2024-05-08 00:00:00";42913;25963
"2024-05-09 00:00:00";43556;26538
"2024-05-10 00:00:00";46348;27994
"2024-05-11 00:00:00";50645;32088
"2024-05-12 00:00:00";47672;32261
"2024-05-13 00:00:00";43014;26554
"2024-05-14 00:00:00";44852;26880
"2024-05-15 00:00:00";45279;28056
"2024-05-16 00:00:00";44592;27297
"2024-05-17 00:00:00";47495;29172
"2024-05-18 00:00:00";51577;33998
"2024-05-19 00:00:00";48524;33857
"2024-05-20 00:00:00";45191;27645
"2024-05-21 00:00:00";44312;26955
"2024-05-22 00:00:00";43147;26451
"2024-05-23 00:00:00";40184;24910
"2024-05-24 00:00:00";43922;26616
"2024-05-25 00:00:00";45925;30674
"2024-05-26 00:00:00";44094;30196
"2024-05-27 00:00:00";41583;26082
"2024-05-28 00:00:00";41270;25123
"2024-05-29 00:00:00";41564;24941
"2024-05-30 00:00:00";42061;25455
"2024-05-31 00:00:00";44343;26671
"2024-06-01 00:00:00";45792;30016
"2024-06-02 00:00:00";44479;30060
"2024-06-03 00:00:00";39794;24686
"2024-06-04 00:00:00";41253;24978
"2024-06-05 00:00:00";40647;24666
"2024-06-06 00:00:00";41688;25142
"2024-06-07 00:00:00";42929;26453
"2024-06-08 00:00:00";43716;29640
"2024-06-09 00:00:00";43714;30134
"2024-06-10 00:00:00";40610;26561
"2024-06-11 00:00:00";40913;25054
"2024-06-12 00:00:00";40332;24827
"2024-06-13 00:00:00";39616;24738
"2024-06-14 00:00:00";42786;26334
"2024-06-15 00:00:00";44545;29392
"2024-06-16 00:00:00";42510;29009
"2024-06-17 00:00:00";39631;25709
"2024-06-18 00:00:00";45651;27215
"2024-06-19 00:00:00";41194;26759
"2024-06-20 00:00:00";40535;28781
"2024-06-21 00:00:00";50551;32892
"2024-06-22 00:00:00";49892;34304
"2024-06-23 00:00:00";47916;33451
"2024-06-24 00:00:00";43274;28184
"2024-06-25 00:00:00";44147;29129
"2024-06-26 00:00:00";45040;29844
"2024-06-27 00:00:00";43447;28425
"2024-06-28 00:00:00";42236;27892
"2024-06-29 00:00:00";42838;29822
"2024-06-30 00:00:00";41125;29640
"2024-07-01 00:00:00";38915;25962
"2024-07-02 00:00:00";38891;26015
"2024-07-03 00:00:00";37982;25498
"2024-07-04 00:00:00";35247;24470
"2024-07-05 00:00:00";38523;24690
"2024-07-06 00:00:00";39430;27563
"2024-07-07 00:00:00";38919;28054
"2024-07-08 00:00:00";35869;25004
"2024-07-09 00:00:00";38118;26410
"2024-07-10 00:00:00";41587;28139
"2024-07-11 00:00:00";40463;27275
"2024-07-12 00:00:00";42064;28281
"2024-07-13 00:00:00";44111;31022
"2024-07-14 00:00:00";44311;31653
"2024-07-15 00:00:00";41087;28662
"2024-07-16 00:00:00";42082;28523
"2024-07-17 00:00:00";41130;27541
"2024-07-18 00:00:00";39297;27112
"2024-07-19 00:00:00";44139;31530
"2024-07-20 00:00:00";52008;37653
"2024-07-21 00:00:00";48426;35737
"2024-07-22 00:00:00";45266;30891
"2024-07-23 00:00:00";44444;30118
"2024-07-24 00:00:00";42179;30095
"2024-07-25 00:00:00";43971;30035
"2024-07-26 00:00:00";47032;30918
"2024-07-27 00:00:00";47747;33413
"2024-07-28 00:00:00";47679;34110
"2024-07-29 00:00:00";45751;30851
"2024-07-30 00:00:00";47445;31559
"2024-07-31 00:00:00";46246;31459
"2024-08-01 00:00:00";45047;30421
"2024-08-02 00:00:00";46796;30975
"2024-08-03 00:00:00";47418;33656
"2024-08-04 00:00:00";47746;34615
"2024-08-05 00:00:00";45283;31001
"2024-08-06 00:00:00";45548;30974
"2024-08-07 00:00:00";43557;30399
"2024-08-08 00:00:00";44489;30595
"2024-08-09 00:00:00";46130;31569
"2024-08-10 00:00:00";45963;33698
"2024-08-11 00:00:00";46165;34449
"2024-08-12 00:00:00";43678;30747
"2024-08-13 00:00:00";44248;30474
"2024-08-14 00:00:00";43993;31153
"2024-08-15 00:00:00";46655;31805
"2024-08-16 00:00:00";47524;32219
"2024-08-17 00:00:00";49955;35318
"2024-08-18 00:00:00";48559;35721
"2024-08-19 00:00:00";46082;31308
"2024-08-20 00:00:00";56953;33820
"2024-08-21 00:00:00";59158;43615
"2024-08-22 00:00:00";54716;39137
"2024-08-23 00:00:00";55972;38821
"2024-08-24 00:00:00";57882;40837
"2024-08-25 00:00:00";55711;43095
"2024-08-26 00:00:00";51636;36358
"2024-08-27 00:00:00";50875;35704
"2024-08-28 00:00:00";52641;35758
"2024-08-29 00:00:00";51485;35001
"2024-08-30 00:00:00";54250;36489
"2024-08-31 00:00:00";55827;40484
"2024-09-01 00:00:00";53445;40203
"2024-09-02 00:00:00";50935;36049
"2024-09-03 00:00:00";49584;32883
"2024-09-04 00:00:00";50180;33187
"2024-09-05 00:00:00";50560;32764
"2024-09-06 00:00:00";54248;34791
"2024-09-07 00:00:00";56624;40278
"2024-09-08 00:00:00";55312;40271
"2024-09-09 00:00:00";49266;31811
"2024-09-10 00:00:00";48678;31456
"2024-09-11 00:00:00";51049;32748
"2024-09-12 00:00:00";49902;31980
"2024-09-13 00:00:00";53126;33817
"2024-09-14 00:00:00";56797;38968
"2024-09-15 00:00:00";56557;40637
"2024-09-16 00:00:00";49731;35708
"2024-09-17 00:00:00";49140;34182
"2024-09-18 00:00:00";52890;33996
"2024-09-19 00:00:00";51685;32794
"2024-09-20 00:00:00";55520;35096
"2024-09-21 00:00:00";60042;41210
"2024-09-22 00:00:00";59333;41580
"2024-09-23 00:00:00";50353;32835
"2024-09-24 00:00:00";49828;32042
"2024-09-25 00:00:00";52754;33378
"2024-09-26 00:00:00";50803;32853
"2024-09-27 00:00:00";52437;34312
"2024-09-28 00:00:00";54073;38954
"2024-09-29 00:00:00";52083;37789
"2024-09-30 00:00:00";44402;31409
"2024-10-01 00:00:00";42422;31419
"2024-10-02 00:00:00";42494;31058
"2024-10-03 00:00:00";41867;30769
"2024-10-04 00:00:00";44981;33491
"2024-10-05 00:00:00";55350;41754
"2024-10-06 00:00:00";55360;42902
"2024-10-07 00:00:00";46968;33511
"2024-10-08 00:00:00";42646;29113
"2024-10-09 00:00:00";43026;29830
"2024-10-10 00:00:00";41993;29281
"2024-10-11 00:00:00";46924;31830
"2024-10-12 00:00:00";51358;36371
"2024-10-13 00:00:00";49437;37176
"2024-10-14 00:00:00";42538;31317
"2024-10-15 00:00:00";47257;32168
"2024-10-16 00:00:00";53180;37953
"2024-10-17 00:00:00";50726;36933
"2024-10-18 00:00:00";55776;39238
"2024-10-19 00:00:00";58250;44032
"2024-10-20 00:00:00";55338;42998
"2024-10-21 00:00:00";47104;33755
"2024-10-22 00:00:00";47867;33457
"2024-10-23 00:00:00";47357;33178
"2024-10-24 00:00:00";46006;32283
"2024-10-25 00:00:00";49680;33705
"2024-10-26 00:00:00";52332;37994
"2024-10-27 00:00:00";48103;37654
"2024-10-28 00:00:00";43238;30362
"2024-10-29 00:00:00";42549;29544
"2024-10-30 00:00:00";43156;29717
"2024-10-31 00:00:00";42636;28691
"2024-11-01 00:00:00";44419;29512
"2024-11-02 00:00:00";43857;34500
"2024-11-03 00:00:00";45975;34548
"2024-11-04 00:00:00";39485;28565
"2024-11-05 00:00:00";39004;27570
"2024-11-06 00:00:00";38287;27068
"2024-11-07 00:00:00";37863;26754
"2024-11-08 00:00:00";41517;28731
"2024-11-09 00:00:00";45052;33872
"2024-11-10 00:00:00";43285;33500
"2024-11-11 00:00:00";37987;28002
"2024-11-12 00:00:00";51555;31859
"2024-11-13 00:00:00";56607;38320
"2024-11-14 00:00:00";47753;32921
"2024-11-15 00:00:00";50524;34681
"2024-11-16 00:00:00";52520;38337
"2024-11-17 00:00:00";50958;38541
"2024-11-18 00:00:00";42742;30333
"2024-11-19 00:00:00";41889;29720
"2024-11-20 00:00:00";42917;30484
"2024-11-21 00:00:00";40930;29034
"2024-11-22 00:00:00";49196;33089
"2024-11-23 00:00:00";51215;39609
"2024-11-24 00:00:00";48668;37981
"2024-11-25 00:00:00";42200;30337
"2024-11-26 00:00:00";41171;29652
"2024-11-27 00:00:00";41689;29931
"2024-11-28 00:00:00";40031;28958
"2024-11-29 00:00:00";43091;31289
"2024-11-30 00:00:00";51255;39171
"2024-12-01 00:00:00";48682;39129
"2024-12-02 00:00:00";43141;31633
"2024-12-03 00:00:00";43019;30091
"2024-12-04 00:00:00";38137;27447
"2024-12-05 00:00:00";38349;27598
"2024-12-06 00:00:00";37133;24444
"2024-12-07 00:00:00";39852;27981
"2024-12-08 00:00:00";37552;27330
"2024-12-09 00:00:00";33462;22071
"2024-12-10 00:00:00";33348;23026
"2024-12-11 00:00:00";40006;26098
"2024-12-12 00:00:00";37353;23797
"2024-12-13 00:00:00";38409;24019
"2024-12-14 00:00:00";40425;27147
"2024-12-15 00:00:00";38740;26271
"2024-12-16 00:00:00";34222;21583
"2024-12-17 00:00:00";34173;22541
"2024-12-18 00:00:00";39194;25016
"2024-12-19 00:00:00";36804;23547
"2024-12-20 00:00:00";39090;24885
"2024-12-21 00:00:00";40243;26571
"2024-12-22 00:00:00";38398;25893
"2024-12-23 00:00:00";36227;22845
"2024-12-24 00:00:00";36320;22230
"2024-12-25 00:00:00";33960;21005
"2024-12-26 00:00:00";34483;22079
"2024-12-27 00:00:00";35620;22973
"2024-12-28 00:00:00";36178;24558
"2024-12-29 00:00:00";34731;24491
"2024-12-30 00:00:00";33423;22551
"2024-12-31 00:00:00";31080;21844
"2025-01-01 00:00:00";32698;22262
"2025-01-02 00:00:00";32850;21720
"2025-01-03 00:00:00";35519;22851
"2025-01-04 00:00:00";36635;24576
"2025-01-05 00:00:00";35178;24455
"2025-01-06 00:00:00";32442;20750
"2025-01-07 00:00:00";31491;20025
"2025-01-08 00:00:00";24776;17737
"2025-01-09 00:00:00";23441;17305
"2025-01-10 00:00:00";25711;18130
"2025-01-11 00:00:00";27800;20438
"2025-01-12 00:00:00";27449;20517
"2025-01-13 00:00:00";23530;17185
"2025-01-14 00:00:00";23419;16478
"2025-01-15 00:00:00";29627;17968
"2025-01-16 00:00:00";29237;17970
"2025-01-17 00:00:00";31508;19099
"2025-01-18 00:00:00";33506;21705
"2025-01-19 00:00:00";32587;21546
"2025-01-20 00:00:00";29344;18504
"2025-01-21 00:00:00";29159;18162
"2025-01-22 00:00:00";31527;19570
"2025-01-23 00:00:00";29589;18681
"2025-01-24 00:00:00";30863;19331
"2025-01-25 00:00:00";31714;21149
"2025-01-26 00:00:00";30945;21024
"2025-01-27 00:00:00";26687;17949
"2025-01-28 00:00:00";23880;16737
"2025-01-29 00:00:00";24807;16683
"2025-01-30 00:00:00";24483;16550
"2025-01-31 00:00:00";26653;17544
"2025-02-01 00:00:00";28540;19581
"2025-02-02 00:00:00";27988;19558
"2025-02-03 00:00:00";25609;16933
"2025-02-04 00:00:00";26300;17250
"2025-02-05 00:00:00";30141;18719
"2025-02-06 00:00:00";28462;17621
"2025-02-07 00:00:00";28496;17856
"2025-02-08 00:00:00";30728;19949
"2025-02-09 00:00:00";30256;20476
"2025-02-10 00:00:00";27765;17009
"2025-02-11 00:00:00";26896;17546
"2025-02-12 00:00:00";29627;19414
"2025-02-13 00:00:00";32747;21784
"2025-02-14 00:00:00";34080;22322
"2025-02-15 00:00:00";37395;25842
"2025-02-16 00:00:00";37046;26567
"2025-02-17 00:00:00";33449;23037
"2025-02-18 00:00:00";59332;28067
"2025-02-19 00:00:00";47262;38748
"2025-02-20 00:00:00";39195;32441
"2025-02-21 00:00:00";39809;31460
"2025-02-22 00:00:00";42995;34230
"2025-02-23 00:00:00";42198;34292
"2025-02-24 00:00:00";33169;27798
"2025-02-25 00:00:00";34610;26602
"2025-02-26 00:00:00";34597;27218
"2025-02-27 00:00:00";33074;26112
"2025-02-28 00:00:00";30665;25217
"2025-03-01 00:00:00";33911;27906
"2025-03-02 00:00:00";32904;27699
"2025-03-03 00:00:00";28641;23100
"2025-03-04 00:00:00";34919;22985
"2025-03-05 00:00:00";29374;24136
"2025-03-06 00:00:00";26910;22184
"2025-03-07 00:00:00";28850;23035
"2025-03-08 00:00:00";32104;26282
"2025-03-09 00:00:00";31411;26418
"2025-03-10 00:00:00";26182;21107
"2025-03-11 00:00:00";30118;21748
"2025-03-12 00:00:00";27698;22263
"2025-03-13 00:00:00";27039;21206
"2025-03-14 00:00:00";29641;22469
"2025-03-15 00:00:00";32790;25617
"2025-03-16 00:00:00";31137;25923
"2025-03-17 00:00:00";25337;20644
"2025-03-18 00:00:00";38671;23308
"2025-03-19 00:00:00";34122;27146
"2025-03-20 00:00:00";30486;24981
"2025-03-21 00:00:00";34214;26360
"2025-03-22 00:00:00";40235;31263
"2025-03-23 00:00:00";37494;31045
"2025-03-24 00:00:00";30874;24898
"2025-03-25 00:00:00";32306;24466
"2025-03-26 00:00:00";31606;24549
"2025-03-27 00:00:00";29716;23567
"2025-03-28 00:00:00";32899;24551
"2025-03-29 00:00:00";36494;28683
"2025-03-30 00:00:00";34668;28225
"2025-03-31 00:00:00";28890;22499
"2025-04-01 00:00:00";34371;23134
"2025-04-02 00:00:00";31714;24329
"2025-04-03 00:00:00";29116;21729
"2025-04-04 00:00:00";29101;21796
"2025-04-05 00:00:00";32037;24807
"2025-04-06 00:00:00";30600;24650
"2025-04-07 00:00:00";25716;19083
"2025-04-08 00:00:00";25534;19167
"2025-04-09 00:00:00";26429;19112
"2025-04-10 00:00:00";25969;18923
"2025-04-11 00:00:00";29187;20344
"2025-04-12 00:00:00";31797;23506
"2025-04-13 00:00:00";29728;23491
"2025-04-14 00:00:00";25433;18923
"2025-04-15 00:00:00";26251;19520
"2025-04-16 00:00:00";26742;19724
"2025-04-17 00:00:00";31742;21849
"2025-04-18 00:00:00";38395;27800
"2025-04-19 00:00:00";38488;29356
"2025-04-20 00:00:00";36093;28923
"2025-04-21 00:00:00";36559;26406
"2025-04-22 00:00:00";60127;30432
"2025-04-23 00:00:00";50480;39245
"2025-04-24 00:00:00";45294;34362
"2025-04-25 00:00:00";47014;34284
"2025-04-26 00:00:00";48757;38053
"2025-04-27 00:00:00";46159;37148
"2025-04-28 00:00:00";38080;29208
"2025-04-29 00:00:00";36205;29105
"2025-04-30 00:00:00";36887;28375
"2025-05-01 00:00:00";39372;30380
"2025-05-02 00:00:00";38909;29171
"2025-05-03 00:00:00";39910;30866
"2025-05-04 00:00:00";40170;31303
"2025-05-05 00:00:00";35375;27127
"2025-05-06 00:00:00";31902;25380
"2025-05-07 00:00:00";31056;23301
"2025-05-08 00:00:00";32067;23426
"2025-05-09 00:00:00";36728;25250
"2025-05-10 00:00:00";39916;29783
"2025-05-11 00:00:00";36613;28923
"2025-05-12 00:00:00";30670;23107
"2025-05-13 00:00:00";30597;22963
"2025-05-14 00:00:00";31542;23361
"2025-05-15 00:00:00";30877;22686
"2025-05-16 00:00:00";34980;24063
"2025-05-17 00:00:00";38027;28061
"2025-05-18 00:00:00";35060;27904
"2025-05-19 00:00:00";29538;22345
"2025-05-20 00:00:00";34258;23063
"2025-05-21 00:00:00";34038;26003
"2025-05-22 00:00:00";33291;24761
"2025-05-23 00:00:00";37023;25963
"2025-05-24 00:00:00";39812;29881
"2025-05-25 00:00:00";36387;29233
"2025-05-26 00:00:00";32330;24685
"2025-05-27 00:00:00";31261;23330
"2025-05-28 00:00:00";31069;23294
"2025-05-29 00:00:00";32025;23113
"2025-05-30 00:00:00";32918;23576
"2025-05-31 00:00:00";34951;26650
"2025-06-01 00:00:00";33126;26845
"2025-06-02 00:00:00";29533;22022
"2025-06-03 00:00:00";28699;21870
"2025-06-04 00:00:00";28073;21032
"2025-06-05 00:00:00";28675;20892
"2025-06-06 00:00:00";30560;22253
"2025-06-07 00:00:00";34074;26045
"2025-06-08 00:00:00";32207;25937
"2025-06-09 00:00:00";28996;21354
"2025-06-10 00:00:00";27005;20180
"2025-06-11 00:00:00";27077;20324
"2025-06-12 00:00:00";26452;19928
"2025-06-13 00:00:00";29372;21064
"2025-06-14 00:00:00";31474;23798
"2025-06-15 00:00:00";29461;23778
"2025-06-16 00:00:00";26032;20269
"2025-06-17 00:00:00";25524;20069
"2025-06-18 00:00:00";26194;20638
"2025-06-19 00:00:00";31374;22568
"2025-06-20 00:00:00";33436;24816
"2025-06-21 00:00:00";35666;27180
"2025-06-22 00:00:00";33182;27459
"2025-06-23 00:00:00";29863;23764
"2025-06-24 00:00:00";37362;24482
"2025-06-25 00:00:00";33999;27195
"2025-06-26 00:00:00";31410;24788
"2025-06-27 00:00:00";31377;24079
"2025-06-28 00:00:00";31826;25812
"2025-06-29 00:00:00";30422;25931
"2025-06-30 00:00:00";27163;22119
"2025-07-01 00:00:00";27454;22215
"2025-07-02 00:00:00";27423;21934
"2025-07-03 00:00:00";27118;21597
"2025-07-04 00:00:00";29682;22432
"2025-07-05 00:00:00";30212;23668
"2025-07-06 00:00:00";29527;24702
"2025-07-07 00:00:00";26330;21360
"2025-07-08 00:00:00";26537;21170
"2025-07-09 00:00:00";26668;21546
"2025-07-10 00:00:00";26405;20961
"2025-07-11 00:00:00";28473;21488
"2025-07-12 00:00:00";29611;23424
"2025-07-13 00:00:00";28475;23940
"2025-07-14 00:00:00";26100;21033
"2025-07-15 00:00:00";27087;21331
"2025-07-16 00:00:00";27466;21816
"2025-07-17 00:00:00";25814;20918
"2025-07-18 00:00:00";28061;21226
"2025-07-19 00:00:00";28746;23064
"2025-07-20 00:00:00";28477;23609
"2025-07-21 00:00:00";25195;21420
"2025-07-22 00:00:00";26003;20684
"2025-07-23 00:00:00";26590;21719
"2025-07-24 00:00:00";26491;21323
"2025-07-25 00:00:00";27951;21684
"2025-07-26 00:00:00";28671;23141
"2025-07-27 00:00:00";28434;23955
"2025-07-28 00:00:00";25604;21268
"2025-07-29 00:00:00";26484;21365
"2025-07-30 00:00:00";26210;21412
"2025-07-31 00:00:00";25343;21076
"2025-08-01 00:00:00";27462;22079
"2025-08-02 00:00:00";29647;24452
"2025-08-03 00:00:00";31009;25313
"2025-08-04 00:00:00";27747;22363
"2025-08-05 00:00:00";28296;21849
"2025-08-06 00:00:00";27079;22238
"2025-08-07 00:00:00";25931;21115
"2025-08-08 00:00:00";27024;21139
"2025-08-09 00:00:00";28026;22521
"2025-08-10 00:00:00";27897;23538
"2025-08-11 00:00:00";26362;21503
"2025-08-12 00:00:00";26464;21329
"2025-08-13 00:00:00";26224;21609
"2025-08-14 00:00:00";32222;23108
"2025-08-15 00:00:00";31656;25568
"2025-08-16 00:00:00";31760;26055
"2025-08-17 00:00:00";32385;26848
"2025-08-18 00:00:00";27891;23098
"2025-08-19 00:00:00";29251;21271
"2025-08-20 00:00:00";28277;22968
"2025-08-21 00:00:00";35451;24551
"2025-08-22 00:00:00";38446;29861
"2025-08-23 00:00:00";40132;33287
"2025-08-24 00:00:00";44161;35916
"2025-08-25 00:00:00";37752;30919
"2025-08-26 00:00:00";58795;34074
"2025-08-27 00:00:00";56263;44466
"2025-08-28 00:00:00";48168;38848
"2025-08-29 00:00:00";49062;38208
"2025-08-30 00:00:00";50727;41323
"2025-08-31 00:00:00";50689;40860
"2025-09-01 00:00:00";46721;35727
"2025-09-02 00:00:00";41544;32301
"2025-09-03 00:00:00";39853;32033
"2025-09-04 00:00:00";37123;30232
"2025-09-05 00:00:00";41390;31534
"2025-09-06 00:00:00";44874;36563
"2025-09-07 00:00:00";44378;36946
"2025-09-08 00:00:00";35837;28905
"2025-09-09 00:00:00";35914;28325
"2025-09-10 00:00:00";34488;27751
"2025-09-11 00:00:00";34514;27377
"2025-09-12 00:00:00";37971;28845
"2025-09-13 00:00:00";42471;35129
"2025-09-14 00:00:00";44558;35000
"2025-09-15 00:00:00";35642;28612
"2025-09-16 00:00:00";44954;29303
"2025-09-17 00:00:00";39439;31517
"2025-09-18 00:00:00";36719;29617
"2025-09-19 00:00:00";39773;30706
"2025-09-20 00:00:00";43887;35709
"2025-09-21 00:00:00";44412;35588
"2025-09-22 00:00:00";35919;28783
"2025-09-23 00:00:00";37838;29348
"2025-09-24 00:00:00";35995;28514
"2025-09-25 00:00:00";34432;27513
"2025-09-26 00:00:00";37244;29161
"2025-09-27 00:00:00";41172;33756
"2025-09-28 00:00:00";41884;33499
"2025-09-29 00:00:00";33471;26512
"2025-09-30 00:00:00";35701;26299
"2025-10-01 00:00:00";32230;26024
"2025-10-02 00:00:00";32404;25789
"2025-10-03 00:00:00";34164;27181
"2025-10-04 00:00:00";38305;30811
"2025-10-05 00:00:00";38590;30571
"2025-10-06 00:00:00";31693;24883
"2025-10-07 00:00:00";34836;24747
"2025-10-08 00:00:00";34266;26548
"2025-10-09 00:00:00";42708;28693
"2025-10-10 00:00:00";42567;33428
"2025-10-11 00:00:00";46027;36881
"2025-10-12 00:00:00";49343;38390
"2025-10-13 00:00:00";41957;32928
"2025-10-14 00:00:00";51405;32594
"2025-10-15 00:00:00";40906;32030
"2025-10-16 00:00:00";39541;29594
"2025-10-17 00:00:00";39550;31002
"2025-10-18 00:00:00";43396;34832
"2025-10-19 00:00:00";43234;34764
"2025-10-20 00:00:00";36978;28609
"2025-10-21 00:00:00";36104;27673
"2025-10-22 00:00:00";34346;27002
"2025-10-23 00:00:00";34069;26594
"2025-10-24 00:00:00";35530;27757
"2025-10-25 00:00:00";38701;31534
"2025-10-26 00:00:00";40698;32271
"2025-10-27 00:00:00";34051;26350
"2025-10-28 00:00:00";34296;25732
"2025-10-29 00:00:00";33587;26103
"2025-10-30 00:00:00";32073;25258
"2025-10-31 00:00:00";32493;25183
"2025-11-01 00:00:00";36043;28424
"2025-11-02 00:00:00";37909;30186
"2025-11-03 00:00:00";31293;25293
"2025-11-04 00:00:00";31087;24451
"2025-11-05 00:00:00";29536;23665
"2025-11-06 00:00:00";29838;23647
"2025-11-07 00:00:00";32592;25638
"2025-11-08 00:00:00";35546;30057
"2025-11-09 00:00:00";36378;29895
"2025-11-10 00:00:00";31192;24725
"2025-11-11 00:00:00";36578;25842
"2025-11-12 00:00:00";33162;25937
"2025-11-13 00:00:00";31398;25043
"2025-11-14 00:00:00";32189;26211
"2025-11-15 00:00:00";34946;29856
"2025-11-16 00:00:00";35935;29801
"2025-11-17 00:00:00";30403;24095
"2025-11-18 00:00:00";31420;23763
"2025-11-19 00:00:00";29952;24040
"2025-11-20 00:00:00";32638;24549
"2025-11-21 00:00:00";34150;27212
"2025-11-22 00:00:00";36426;30767
"2025-11-23 00:00:00";37887;31282
"2025-11-24 00:00:00";31324;25750
"2025-11-25 00:00:00";31439;24027
"2025-11-26 00:00:00";40704;26619
"2025-11-27 00:00:00";34334;29040
"2025-11-28 00:00:00";35955;28471
"2025-11-29 00:00:00";39412;32294
"2025-11-30 00:00:00";38897;32035
"2025-12-01 00:00:00";33266;25904
"2025-12-02 00:00:00";32574;25751
"2025-12-03 00:00:00";32297;25803
"2025-12-04 00:00:00";37032;26515
"2025-12-05 00:00:00";37442;30612
"2025-12-06 00:00:00";40828;34372
"2025-12-07 00:00:00";42032;34805
"2025-12-08 00:00:00";36763;29697
"2025-12-09 00:00:00";51973;31518
"2025-12-10 00:00:00";44887;34974
"2025-12-11 00:00:00";39725;32188
"2025-12-12 00:00:00";38494;30660
"2025-12-13 00:00:00";41157;34837
"2025-12-14 00:00:00";42257;34961
"2025-12-15 00:00:00";35668;28813
"2025-12-16 00:00:00";35807;27898
"2025-12-17 00:00:00";34826;28048
"2025-12-18 00:00:00";34616;27901
"2025-12-19 00:00:00";35048;28506
"2025-12-20 00:00:00";35576;30672
"2025-12-21 00:00:00";37177;30728
"2025-12-22 00:00:00";34316;27632
"2025-12-23 00:00:00";35381;27895
"2025-12-24 00:00:00";32507;27200
"2025-12-25 00:00:00";32605;25992
"2025-12-26 00:00:00";34155;27440
"2025-12-27 00:00:00";35188;29885
"2025-12-28 00:00:00";37694;30702
"2025-12-29 00:00:00";35608;29211
"2025-12-30 00:00:00";36126;29040
"2025-12-31 00:00:00";34816;27089
"2026-01-01 00:00:00";37628;27572
"2026-01-02 00:00:00";36635;30149
"2026-01-03 00:00:00";37878;31452
"2026-01-04 00:00:00";36088;30870
"2026-01-05 00:00:00";34739;27283
"2026-01-06 00:00:00";33754;27155
"2026-01-07 00:00:00";34036;27078
"2026-01-08 00:00:00";34050;25576
"2026-01-09 00:00:00";35235;27138
"2026-01-10 00:00:00";38082;31528
"2026-01-11 00:00:00";38228;32534
"2026-01-12 00:00:00";35286;27074
"2026-01-13 00:00:00";33241;25931
"2026-01-14 00:00:00";33801;26013
"2026-01-15 00:00:00";33123;25827
"2026-01-16 00:00:00";32977;26684
"2026-01-17 00:00:00";36454;30202
"2026-01-18 00:00:00";36241;30601
"2026-01-19 00:00:00";33653;26472
"2026-01-20 00:00:00";33236;25155
"2026-01-21 00:00:00";32308;25107
"2026-01-22 00:00:00";32316;24842
"2026-01-23 00:00:00";35941;25821
"2026-01-24 00:00:00";41286;32957
"2026-01-25 00:00:00";42868;33707
"2026-01-26 00:00:00";37325;28456
"2026-01-27 00:00:00";35290;26406
"2026-01-28 00:00:00";33900;25755
"2026-01-29 00:00:00";32813;25441
"2026-01-30 00:00:00";39408;26310
"2026-01-31 00:00:00";42873;35176
"2026-02-01 00:00:00";44360;35613
"2026-02-02 00:00:00";37641;29358
"2026-02-03 00:00:00";37149;28551
"2026-02-04 00:00:00";39721;29545
"2026-02-05 00:00:00";57264;37769
"2026-02-06 00:00:00";57333;44576
"2026-02-07 00:00:00";64341;51404
"2026-02-08 00:00:00";69881;53964
"2026-02-09 00:00:00";56676;43603
"2026-02-10 00:00:00";165651;62494
"2026-02-11 00:00:00";140387;100682
"2026-02-12 00:00:00";116444;89069
"2026-02-13 00:00:00";113506;87873
"2026-02-14 00:00:00";115995;92105
"2026-02-15 00:00:00";122715;96949
"2026-02-16 00:00:00";122377;83488
"2026-02-17 00:00:00";114630;87630
"2026-02-18 00:00:00";113259;88249
"2026-02-19 00:00:00";107506;83950
"2026-02-20 00:00:00";117590;85703
"2026-02-21 00:00:00";126640;100656
"2026-02-22 00:00:00";136582;104491
"2026-02-23 00:00:00";113621;87067
"2026-02-24 00:00:00";106849;81531
"2026-02-25 00:00:00";100593;78973
"2026-02-26 00:00:00";97006;76663
"2026-02-27 00:00:00";96877;76627
"2026-02-28 00:00:00";107997;87791
"2026-03-01 00:00:00";113070;89554
"2026-03-02 00:00:00";93785;72722
"2026-03-03 00:00:00";90095;70095
"2026-03-04 00:00:00";87508;69300
"2026-03-05 00:00:00";86634;68366
"2026-03-06 00:00:00";91027;71243
"2026-03-07 00:00:00";99817;83167
"2026-03-08 00:00:00";107129;84960
"2026-03-09 00:00:00";88971;67423
"2026-03-10 00:00:00";91224;64854
"2026-03-11 00:00:00";91286;70316
"2026-03-12 00:00:00";90902;69530
"2026-03-13 00:00:00";93821;72110
"2026-03-14 00:00:00";100662;83032
"2026-03-15 00:00:00";107759;84878
"2026-03-16 00:00:00";91839;69124
"2026-03-17 00:00:00";86245;65263
"2026-03-18 00:00:00";80429;62722
"2026-03-19 00:00:00";77427;60731
"2026-03-20 00:00:00";76025;61506
"2026-03-21 00:00:00";82120;68615
"2026-03-22 00:00:00";88357;70861
"2026-03-23 00:00:00";73604;56651
"2026-03-24 00:00:00";70198;55188
"2026-03-25 00:00:00";67079;53115
"2026-03-26 00:00:00";64692;52061
"2026-03-27 00:00:00";75772;56562
"2026-03-28 00:00:00";85063;69264
"2026-03-29 00:00:00";85984;69756
"2026-03-30 00:00:00";70976;56808
"2026-03-31 00:00:00";67103;52973
"2026-04-01 00:00:00";74880;54271
"2026-04-02 00:00:00";70592;56980
"2026-04-03 00:00:00";76988;59713
"2026-04-04 00:00:00";75766;61484
"2026-04-05 00:00:00";73354;60710
"2026-04-06 00:00:00";65544;53110
"2026-04-07 00:00:00";60218;48958
"2026-04-08 00:00:00";58423;47620
"2026-04-09 00:00:00";74652;51792
"2026-04-10 00:00:00";79991;61548
"2026-04-11 00:00:00";87953;70736
"2026-04-12 00:00:00";87417;71539
"2026-04-13 00:00:00";72564;57866
"2026-04-14 00:00:00";67376;61693
"2026-04-14 01:00:00";70499;
"2026-04-14 02:00:00";70405;
"2026-04-14 03:00:00";68112;
"2026-04-14 04:00:00";61929;
"2026-04-14 05:00:00";54054;
"2026-04-14 06:00:00";45659;
"2026-04-14 07:00:00";39716;
"2026-04-14 08:00:00";36566;
"2026-04-14 09:00:00";37551;
"2026-04-14 10:00:00";40841;
"2026-04-14 11:00:00";48697;
"2026-04-14 12:00:00";59681;
"2026-04-14 13:00:00";68525;
"2026-04-14 14:00:00";71263;
"2026-04-14 15:00:00";70885;
"2026-04-14 16:00:00";68471;
"2026-04-14 17:00:00";66490;
"2026-04-14 18:00:00";69659;
"2026-04-14 19:00:00";92099;
"2026-04-14 20:00:00";92617;
"2026-04-14 21:00:00";90777;
"2026-04-14 22:00:00";85351;
"2026-04-14 23:00:00";80208;
"2026-04-15 00:00:00";83133;68239
"2026-04-15 01:00:00";85335;
"2026-04-15 02:00:00";85218;
"2026-04-15 03:00:00";82615;
"2026-04-15 04:00:00";74023;
"2026-04-15 05:00:00";63825;
"2026-04-15 06:00:00";53904;
"2026-04-15 07:00:00";46788;
"2026-04-15 08:00:00";43326;
"2026-04-15 09:00:00";44638;
"2026-04-15 10:00:00";49096;
"2026-04-15 11:00:00";58660;
"2026-04-15 12:00:00";70977;
"2026-04-15 13:00:00";81342;
"2026-04-15 14:00:00";83313;
"2026-04-15 15:00:00";83058;
"2026-04-15 16:00:00";78923;
"2026-04-15 17:00:00";76709;
"2026-04-15 18:00:00";78807;
"2026-04-15 19:00:00";78512;
"2026-04-15 20:00:00";77947;
"2026-04-15 21:00:00";73530;
"2026-04-15 22:00:00";70344;
"2026-04-15 23:00:00";68076;
"2026-04-16 00:00:00";71303;61639
"2026-04-16 01:00:00";74107;
"2026-04-16 02:00:00";74236;
"2026-04-16 03:00:00";71969;
"2026-04-16 04:00:00";64098;
"2026-04-16 05:00:00";55060;
"2026-04-16 06:00:00";46885;
"2026-04-16 07:00:00";40615;
"2026-04-16 08:00:00";38165;
"2026-04-16 09:00:00";39074;
"2026-04-16 10:00:00";43024;
"2026-04-16 11:00:00";50993;
"2026-04-16 12:00:00";63879;
"2026-04-16 13:00:00";73840;
"2026-04-16 14:00:00";76436;
"2026-04-16 15:00:00";76065;
"2026-04-16 16:00:00";72639;
"2026-04-16 17:00:00";71386;
"2026-04-16 18:00:00";74122;
"2026-04-16 19:00:00";74872;
"2026-04-16 20:00:00";74389;
"2026-04-16 21:00:00";71325;
"2026-04-16 22:00:00";66193;
"2026-04-16 23:00:00";64503;
"2026-04-17 00:00:00";67694;62481
"2026-04-17 01:00:00";70754;
"2026-04-17 02:00:00";70786;
"2026-04-17 03:00:00";69043;
"2026-04-17 04:00:00";62738;
"2026-04-17 05:00:00";54358;
"2026-04-17 06:00:00";46406;
"2026-04-17 07:00:00";40914;
"2026-04-17 08:00:00";37523;
"2026-04-17 09:00:00";37482;
"2026-04-17 10:00:00";41215;
"2026-04-17 11:00:00";49107;
"2026-04-17 12:00:00";61638;
"2026-04-17 13:00:00";74823;
"2026-04-17 14:00:00";82103;
"2026-04-17 15:00:00";82679;
"2026-04-17 16:00:00";81861;
"2026-04-17 17:00:00";78220;
"2026-04-17 18:00:00";74906;
"2026-04-17 19:00:00";76668;
"2026-04-17 20:00:00";76472;
"2026-04-17 21:00:00";75491;
"2026-04-17 22:00:00";71770;
"2026-04-17 23:00:00";66912;
"2026-04-18 00:00:00";67665;70935
"2026-04-18 01:00:00";72323;
"2026-04-18 02:00:00";76032;
"2026-04-18 03:00:00";74216;
"2026-04-18 04:00:00";74038;
"2026-04-18 05:00:00";70205;
"2026-04-18 06:00:00";64009;
"2026-04-18 07:00:00";58015;
"2026-04-18 08:00:00";52860;
"2026-04-18 09:00:00";50076;
"2026-04-18 10:00:00";50502;
"2026-04-18 11:00:00";58090;
"2026-04-18 12:00:00";69411;
"2026-04-18 13:00:00";81336;
"2026-04-18 14:00:00";89095;
"2026-04-18 15:00:00";89355;
"2026-04-18 16:00:00";88744;
"2026-04-18 17:00:00";86525;
"2026-04-18 18:00:00";84090;
"2026-04-18 19:00:00";83662;
"2026-04-18 20:00:00";83548;
"2026-04-18 21:00:00";81116;
"2026-04-18 22:00:00";76383;
"2026-04-18 23:00:00";70195;
"2026-04-19 00:00:00";66378;70679
"2026-04-19 01:00:00";70384;
"2026-04-19 02:00:00";74473;
"2026-04-19 03:00:00";75495;
"2026-04-19 04:00:00";74715;
"2026-04-19 05:00:00";71694;
"2026-04-19 06:00:00";66371;
"2026-04-19 07:00:00";60819;
"2026-04-19 08:00:00";56317;
"2026-04-19 09:00:00";53552;
"2026-04-19 10:00:00";53626;
"2026-04-19 11:00:00";61374;
"2026-04-19 12:00:00";72415;
"2026-04-19 13:00:00";81661;
"2026-04-19 14:00:00";84091;
"2026-04-19 15:00:00";83974;
"2026-04-19 16:00:00";80231;
"2026-04-19 17:00:00";80531;
"2026-04-19 18:00:00";84614;
"2026-04-19 19:00:00";86004;
"2026-04-19 20:00:00";85591;
"2026-04-19 21:00:00";80502;
"2026-04-19 22:00:00";72441;
"2026-04-19 23:00:00";66607;
"2026-04-20 00:00:00";66940;56116
"2026-04-20 01:00:00";68263;
"2026-04-20 02:00:00";68371;
"2026-04-20 03:00:00";65668;
"2026-04-20 04:00:00";58784;
"2026-04-20 05:00:00";50187;
"2026-04-20 06:00:00";41925;
"2026-04-20 07:00:00";35855;
"2026-04-20 08:00:00";32929;
"2026-04-20 09:00:00";34254;
"2026-04-20 10:00:00";37538;
"2026-04-20 11:00:00";45940;
"2026-04-20 12:00:00";56577;
"2026-04-20 13:00:00";65900;
"2026-04-20 14:00:00";68336;
"2026-04-20 15:00:00";67911;
"2026-04-20 16:00:00";65219;
"2026-04-20 17:00:00";65955;
"2026-04-20 18:00:00";69317;
"2026-04-20 19:00:00";70696;
"2026-04-20 20:00:00";70223;
"2026-04-20 21:00:00";66137;
"2026-04-20 22:00:00";60981;
"2026-04-20 23:00:00";59169;
"2026-04-21 00:00:00";63047;56122
"2026-04-21 01:00:00";66219;
"2026-04-21 02:00:00";66314;
"2026-04-21 03:00:00";64430;
"2026-04-21 04:00:00";57453;
"2026-04-21 05:00:00";49199;
"2026-04-21 06:00:00";41310;
"2026-04-21 07:00:00";35233;
"2026-04-21 08:00:00";32461;
"2026-04-21 09:00:00";33931;
"2026-04-21 10:00:00";37175;
"2026-04-21 11:00:00";45506;
"2026-04-21 12:00:00";56779;
"2026-04-21 13:00:00";66912;
"2026-04-21 14:00:00";69611;
"2026-04-21 15:00:00";69264;
"2026-04-21 16:00:00";66281;
"2026-04-21 17:00:00";66431;
"2026-04-21 18:00:00";71498;
"2026-04-21 19:00:00";71258;
"2026-04-21 20:00:00";74787;
"2026-04-21 21:00:00";73718;
"2026-04-21 22:00:00";66971;
"2026-04-21 23:00:00";62360;
"2026-04-22 00:00:00";64949;54370
"2026-04-22 01:00:00";66581;
"2026-04-22 02:00:00";66589;
"2026-04-22 03:00:00";63580;
"2026-04-22 04:00:00";56803;
"2026-04-22 05:00:00";48885;
"2026-04-22 06:00:00";41658;
"2026-04-22 07:00:00";36103;
"2026-04-22 08:00:00";32726;
"2026-04-22 09:00:00";33637;
"2026-04-22 10:00:00";36972;
"2026-04-22 11:00:00";44835;
"2026-04-22 12:00:00";55243;
"2026-04-22 13:00:00";64133;
"2026-04-22 14:00:00";66872;
"2026-04-22 15:00:00";66733;
"2026-04-22 16:00:00";63982;
"2026-04-22 17:00:00";62797;
"2026-04-22 18:00:00";65149;
"2026-04-22 19:00:00";66704;
"2026-04-22 20:00:00";66454;
"2026-04-22 21:00:00";63509;
"2026-04-22 22:00:00";58960;
"2026-04-22 23:00:00";56574;
"2026-04-23 00:00:00";60501;54050
"2026-04-23 01:00:00";63672;
"2026-04-23 02:00:00";63765;
"2026-04-23 03:00:00";61626;
"2026-04-23 04:00:00";56081;
"2026-04-23 05:00:00";48625;
"2026-04-23 06:00:00";41262;
"2026-04-23 07:00:00";36043;
"2026-04-23 08:00:00";33044;
"2026-04-23 09:00:00";33795;
"2026-04-23 10:00:00";37282;
"2026-04-23 11:00:00";45373;
"2026-04-23 12:00:00";55974;
"2026-04-23 13:00:00";65849;
"2026-04-23 14:00:00";68121;
"2026-04-23 15:00:00";67758;
"2026-04-23 16:00:00";64343;
"2026-04-23 17:00:00";62812;
"2026-04-23 18:00:00";65276;
"2026-04-23 19:00:00";66669;
"2026-04-23 20:00:00";66360;
"2026-04-23 21:00:00";63593;
"2026-04-23 22:00:00";59019;
"2026-04-23 23:00:00";57160;
"2026-04-24 00:00:00";60062;56819
"2026-04-24 01:00:00";62767;
"2026-04-24 02:00:00";62564;
"2026-04-24 03:00:00";61784;
"2026-04-24 04:00:00";57006;
"2026-04-24 05:00:00";49897;
"2026-04-24 06:00:00";42283;
"2026-04-24 07:00:00";36748;
"2026-04-24 08:00:00";33698;
"2026-04-24 09:00:00";33581;
"2026-04-24 10:00:00";37312;
"2026-04-24 11:00:00";44936;
"2026-04-24 12:00:00";56560;
"2026-04-24 13:00:00";68378;
"2026-04-24 14:00:00";74945;
"2026-04-24 15:00:00";75332;
"2026-04-24 16:00:00";74803;
"2026-04-24 17:00:00";71677;
"2026-04-24 18:00:00";68648;
"2026-04-24 19:00:00";69650;
"2026-04-24 20:00:00";69906;
"2026-04-24 21:00:00";69472;
"2026-04-24 22:00:00";66452;
"2026-04-24 23:00:00";61770;
"2026-04-25 00:00:00";62856;65773
"2026-04-25 01:00:00";66949;
"2026-04-25 02:00:00";70519;
"2026-04-25 03:00:00";71039;
"2026-04-25 04:00:00";70004;
"2026-04-25 05:00:00";65183;
"2026-04-25 06:00:00";59066;
"2026-04-25 07:00:00";53141;
"2026-04-25 08:00:00";47842;
"2026-04-25 09:00:00";45370;
"2026-04-25 10:00:00";46518;
"2026-04-25 11:00:00";52629;
"2026-04-25 12:00:00";63438;
"2026-04-25 13:00:00";74533;
"2026-04-25 14:00:00";80922;
"2026-04-25 15:00:00";81773;
"2026-04-25 16:00:00";81317;
"2026-04-25 17:00:00";79477;
"2026-04-25 18:00:00";77933;
"2026-04-25 19:00:00";78334;
"2026-04-25 20:00:00";78270;
"2026-04-25 21:00:00";77282;
"2026-04-25 22:00:00";72221;
"2026-04-25 23:00:00";66212;
"2026-04-26 00:00:00";62858;66383
"2026-04-26 01:00:00";66740;
"2026-04-26 02:00:00";70506;
"2026-04-26 03:00:00";70681;
"2026-04-26 04:00:00";70422;
"2026-04-26 05:00:00";67403;
"2026-04-26 06:00:00";62282;
"2026-04-26 07:00:00";56478;
"2026-04-26 08:00:00";51730;
"2026-04-26 09:00:00";49716;
"2026-04-26 10:00:00";50016;
"2026-04-26 11:00:00";56974;
"2026-04-26 12:00:00";67430;
"2026-04-26 13:00:00";76160;
"2026-04-26 14:00:00";78753;
"2026-04-26 15:00:00";78576;
"2026-04-26 16:00:00";75464;
"2026-04-26 17:00:00";76069;
"2026-04-26 18:00:00";79285;
"2026-04-26 19:00:00";80795;
"2026-04-26 20:00:00";80732;
"2026-04-26 21:00:00";75905;
"2026-04-26 22:00:00";68724;
"2026-04-26 23:00:00";63555;
"2026-04-27 00:00:00";63828;52290
"2026-04-27 01:00:00";64082;
"2026-04-27 02:00:00";63674;
"2026-04-27 03:00:00";60842;
"2026-04-27 04:00:00";54561;
"2026-04-27 05:00:00";47193;
"2026-04-27 06:00:00";40222;
"2026-04-27 07:00:00";34907;
"2026-04-27 08:00:00";32214;
"2026-04-27 09:00:00";32788;
"2026-04-27 10:00:00";36077;
"2026-04-27 11:00:00";42955;
"2026-04-27 12:00:00";53300;
"2026-04-27 13:00:00";62007;
"2026-04-27 14:00:00";64028;
"2026-04-27 15:00:00";63407;
"2026-04-27 16:00:00";60549;
"2026-04-27 17:00:00";59711;
"2026-04-27 18:00:00";62728;
"2026-04-27 19:00:00";64024;
"2026-04-27 20:00:00";63834;
"2026-04-27 21:00:00";59948;
"2026-04-27 22:00:00";55707;
"2026-04-27 23:00:00";55054;
"2026-04-28 00:00:00";58375;50673
"2026-04-28 01:00:00";60567;
"2026-04-28 02:00:00";60605;
"2026-04-28 03:00:00";58478;
"2026-04-28 04:00:00";52943;
"2026-04-28 05:00:00";45597;
"2026-04-28 06:00:00";38698;
"2026-04-28 07:00:00";33612;
"2026-04-28 08:00:00";30996;
"2026-04-28 09:00:00";31319;
"2026-04-28 10:00:00";34494;
"2026-04-28 11:00:00";41408;
"2026-04-28 12:00:00";52210;
"2026-04-28 13:00:00";61871;
"2026-04-28 14:00:00";66608;
"2026-04-28 15:00:00";66621;
"2026-04-28 16:00:00";65073;
"2026-04-28 17:00:00";62436;
"2026-04-28 18:00:00";61771;
"2026-04-28 19:00:00";60991;
"2026-04-28 20:00:00";61218;
"2026-04-28 21:00:00";58337;
"2026-04-28 22:00:00";55159;
"2026-04-28 23:00:00";54131;
"2026-04-29 00:00:00";57227;51169
"2026-04-29 01:00:00";60657;
"2026-04-29 02:00:00";60712;
"2026-04-29 03:00:00";58993;
"2026-04-29 04:00:00";53614;
"2026-04-29 05:00:00";48536;
"2026-04-29 06:00:00";43083;
"2026-04-29 07:00:00";38266;
"2026-04-29 08:00:00";35935;
"2026-04-29 09:00:00";34543;
"2026-04-29 10:00:00";36243;
"2026-04-29 11:00:00";42723;
"2026-04-29 12:00:00";51704;
"2026-04-29 13:00:00";59949;
"2026-04-29 14:00:00";63579;
"2026-04-29 15:00:00";63426;
"2026-04-29 16:00:00";59769;
"2026-04-29 17:00:00";58166;
"2026-04-29 18:00:00";59057;
"2026-04-29 19:00:00";60208;
"2026-04-29 20:00:00";59943;
"2026-04-29 21:00:00";57038;
"2026-04-29 22:00:00";53036;
"2026-04-29 23:00:00";51878;
"2026-04-30 00:00:00";54897;50059
"2026-04-30 01:00:00";57101;
"2026-04-30 02:00:00";56957;
"2026-04-30 03:00:00";55819;
"2026-04-30 04:00:00";50592;
"2026-04-30 05:00:00";45154;
"2026-04-30 06:00:00";38808;
"2026-04-30 07:00:00";34219;
"2026-04-30 08:00:00";31696;
"2026-04-30 09:00:00";31599;
"2026-04-30 10:00:00";34327;
"2026-04-30 11:00:00";40561;
"2026-04-30 12:00:00";50040;
"2026-04-30 13:00:00";59002;
"2026-04-30 14:00:00";62994;
"2026-04-30 15:00:00";62885;
"2026-04-30 16:00:00";60547;
"2026-04-30 17:00:00";58833;
"2026-04-30 18:00:00";58647;
"2026-04-30 19:00:00";60807;
"2026-04-30 20:00:00";61457;
"2026-04-30 21:00:00";61023;
"2026-04-30 22:00:00";57458;
"2026-04-30 23:00:00";54444;
"2026-05-01 00:00:00";57279;56184
"2026-05-01 01:00:00";60818;
"2026-05-01 02:00:00";61601;
"2026-05-01 03:00:00";61386;
"2026-05-01 04:00:00";57923;
"2026-05-01 05:00:00";52681;
"2026-05-01 06:00:00";46305;
"2026-05-01 07:00:00";41221;
"2026-05-01 08:00:00";38099;
"2026-05-01 09:00:00";37450;
"2026-05-01 10:00:00";39755;
"2026-05-01 11:00:00";45988;
"2026-05-01 12:00:00";55770;
"2026-05-01 13:00:00";65143;
"2026-05-01 14:00:00";70033;
"2026-05-01 15:00:00";70233;
"2026-05-01 16:00:00";69574;
"2026-05-01 17:00:00";67194;
"2026-05-01 18:00:00";66663;
"2026-05-01 19:00:00";67902;
"2026-05-01 20:00:00";67196;
"2026-05-01 21:00:00";66460;
"2026-05-01 22:00:00";63557;
"2026-05-01 23:00:00";59424;
"2026-05-02 00:00:00";57971;59221
"2026-05-02 01:00:00";61461;
"2026-05-02 02:00:00";65099;
"2026-05-02 03:00:00";65390;
"2026-05-02 04:00:00";63882;
"2026-05-02 05:00:00";59381;
"2026-05-02 06:00:00";53843;
"2026-05-02 07:00:00";47806;
"2026-05-02 08:00:00";42745;
"2026-05-02 09:00:00";40397;
"2026-05-02 10:00:00";41436;
"2026-05-02 11:00:00";47345;
"2026-05-02 12:00:00";56269;
"2026-05-02 13:00:00";65986;
"2026-05-02 14:00:00";71806;
"2026-05-02 15:00:00";72590;
"2026-05-02 16:00:00";72140;
"2026-05-02 17:00:00";70527;
"2026-05-02 18:00:00";69979;
"2026-05-02 19:00:00";70316;
"2026-05-02 20:00:00";70204;
"2026-05-02 21:00:00";69391;
"2026-05-02 22:00:00";65234;
"2026-05-02 23:00:00";60124;
"2026-05-03 00:00:00";57468;61011
"2026-05-03 01:00:00";60441;
"2026-05-03 02:00:00";63966;
"2026-05-03 03:00:00";64401;
"2026-05-03 04:00:00";63875;
"2026-05-03 05:00:00";60718;
"2026-05-03 06:00:00";55405;
"2026-05-03 07:00:00";49840;
"2026-05-03 08:00:00";45776;
"2026-05-03 09:00:00";42622;
"2026-05-03 10:00:00";44308;
"2026-05-03 11:00:00";50911;
"2026-05-03 12:00:00";59887;
"2026-05-03 13:00:00";69490;
"2026-05-03 14:00:00";74023;
"2026-05-03 15:00:00";74233;
"2026-05-03 16:00:00";73215;
"2026-05-03 17:00:00";72696;
"2026-05-03 18:00:00";74362;
"2026-05-03 19:00:00";74978;
"2026-05-03 20:00:00";74244;
"2026-05-03 21:00:00";70160;
"2026-05-03 22:00:00";64653;
"2026-05-03 23:00:00";60402;
"2026-05-04 00:00:00";60720;52126
"2026-05-04 01:00:00";62029;
"2026-05-04 02:00:00";61781;
"2026-05-04 03:00:00";58993;
"2026-05-04 04:00:00";53566;
"2026-05-04 05:00:00";48642;
"2026-05-04 06:00:00";42990;
"2026-05-04 07:00:00";38619;
"2026-05-04 08:00:00";35855;
"2026-05-04 09:00:00";34431;
"2026-05-04 10:00:00";36421;
"2026-05-04 11:00:00";42152;
"2026-05-04 12:00:00";51359;
"2026-05-04 13:00:00";60535;
"2026-05-04 14:00:00";65301;
"2026-05-04 15:00:00";65443;
"2026-05-04 16:00:00";64340;
"2026-05-04 17:00:00";62214;
"2026-05-04 18:00:00";61818;
"2026-05-04 19:00:00";61861;
"2026-05-04 20:00:00";61113;
"2026-05-04 21:00:00";56767;
"2026-05-04 22:00:00";51637;
"2026-05-04 23:00:00";51554;
"2026-05-05 00:00:00";55253;50813
"2026-05-05 01:00:00";58651;
"2026-05-05 02:00:00";58911;
"2026-05-05 03:00:00";57902;
"2026-05-05 04:00:00";53753;
"2026-05-05 05:00:00";48357;
"2026-05-05 06:00:00";43515;
"2026-05-05 07:00:00";39136;
"2026-05-05 08:00:00";36119;
"2026-05-05 09:00:00";34979;
"2026-05-05 10:00:00";36247;
"2026-05-05 11:00:00";42081;
"2026-05-05 12:00:00";51117;
"2026-05-05 13:00:00";59417;
"2026-05-05 14:00:00";62762;
"2026-05-05 15:00:00";62685;
"2026-05-05 16:00:00";61420;
"2026-05-05 17:00:00";59933;
"2026-05-05 18:00:00";60028;
"2026-05-05 19:00:00";60088;
"2026-05-05 20:00:00";59583;
"2026-05-05 21:00:00";55214;
"2026-05-05 22:00:00";49670;
"2026-05-05 23:00:00";50029;
"2026-05-06 00:00:00";52933;47841
"2026-05-06 01:00:00";55410;
"2026-05-06 02:00:00";55639;
"2026-05-06 03:00:00";54642;
"2026-05-06 04:00:00";50656;
"2026-05-06 05:00:00";45589;
"2026-05-06 06:00:00";40432;
"2026-05-06 07:00:00";36579;
"2026-05-06 08:00:00";34109;
"2026-05-06 09:00:00";32258;
"2026-05-06 10:00:00";34014;
"2026-05-06 11:00:00";40498;
"2026-05-06 12:00:00";49150;
"2026-05-06 13:00:00";56714;
"2026-05-06 14:00:00";58472;
"2026-05-06 15:00:00";58052;
"2026-05-06 16:00:00";55387;
"2026-05-06 17:00:00";53853;
"2026-05-06 18:00:00";55708;
"2026-05-06 19:00:00";55722;
"2026-05-06 20:00:00";55939;
"2026-05-06 21:00:00";52573;
"2026-05-06 22:00:00";50000;
"2026-05-06 23:00:00";49047;
"2026-05-07 00:00:00";51300;46485
"2026-05-07 01:00:00";54336;
"2026-05-07 02:00:00";54286;
"2026-05-07 03:00:00";53052;
"2026-05-07 03:10:00";52162;
"2026-05-07 03:20:00";51327;
"2026-05-07 03:30:00";50672;
"2026-05-07 03:40:00";50034;
"2026-05-07 03:50:00";49233;
"2026-05-07 04:00:00";48483;
"2026-05-07 04:10:00";47157;
"2026-05-07 04:20:00";46380;
"2026-05-07 04:30:00";45431;
"2026-05-07 04:40:00";44425;
"2026-05-07 04:50:00";43555;
"2026-05-07 05:00:00";42491;
"2026-05-07 05:10:00";41229;
"2026-05-07 05:20:00";40162;
"2026-05-07 05:30:00";39152;
"2026-05-07 05:40:00";38051;
"2026-05-07 05:50:00";37034;
"2026-05-07 06:00:00";36054;
"2026-05-07 06:10:00";35065;
"2026-05-07 06:20:00";34010;
"2026-05-07 06:30:00";33307;
"2026-05-07 06:40:00";32547;
"2026-05-07 06:50:00";31835;
"2026-05-07 07:00:00";31301;
"2026-05-07 07:10:00";30606;
"2026-05-07 07:20:00";30067;
"2026-05-07 07:30:00";29598;
"2026-05-07 07:40:00";29148;
"2026-05-07 07:50:00";28955;
"2026-05-07 08:00:00";28676;
"2026-05-07 08:10:00";28314;
"2026-05-07 08:20:00";28283;
"2026-05-07 08:30:00";28249;
"2026-05-07 08:40:00";28323;
"2026-05-07 08:50:00";28467;
"2026-05-07 09:00:00";28376;
"2026-05-07 09:10:00";28364;
"2026-05-07 09:20:00";28578;
"2026-05-07 09:30:00";28813;
"2026-05-07 09:40:00";29064;
"2026-05-07 09:50:00";29301;
"2026-05-07 10:00:00";29619;
"2026-05-07 10:10:00";29839;
"2026-05-07 10:20:00";30305;
"2026-05-07 10:30:00";30890;
"2026-05-07 10:40:00";31484;
"2026-05-07 10:50:00";32288;
"2026-05-07 11:00:00";33264;
"2026-05-07 11:10:00";34145;
"2026-05-07 11:20:00";35233;
"2026-05-07 11:30:00";36460;
"2026-05-07 11:40:00";37729;
"2026-05-07 11:50:00";38964;
"2026-05-07 12:00:00";40124;
"2026-05-07 12:10:00";41641;
"2026-05-07 12:20:00";43376;
"2026-05-07 12:30:00";44891;
"2026-05-07 12:40:00";46432;
"2026-05-07 12:50:00";48030;
"2026-05-07 13:00:00";49668;
"2026-05-07 13:10:00";50971;
"2026-05-07 13:20:00";52428;
"2026-05-07 13:30:00";53801;
"2026-05-07 13:40:00";55015;
"2026-05-07 13:50:00";55783;
"2026-05-07 14:00:00";56468;
"2026-05-07 14:10:00";56962;
"2026-05-07 14:20:00";57675;
"2026-05-07 14:30:00";58010;
"2026-05-07 14:40:00";58208;
"2026-05-07 14:50:00";58349;
"2026-05-07 15:00:00";58121;
"2026-05-07 15:10:00";57407;
"2026-05-07 15:20:00";56774;
"2026-05-07 15:30:00";56422;
"2026-05-07 15:40:00";56059;
"2026-05-07 15:50:00";55618;
"2026-05-07 16:00:00";54875;
"2026-05-07 16:10:00";54387;
"2026-05-07 16:20:00";53957;
"2026-05-07 16:30:00";53982;
"2026-05-07 16:40:00";53927;
"2026-05-07 16:50:00";53849;
"2026-05-07 17:00:00";53563;
"2026-05-07 17:10:00";53284;
"2026-05-07 17:20:00";52981;
"2026-05-07 17:30:00";52993;
"2026-05-07 17:40:00";53061;
"2026-05-07 17:50:00";53277;
"2026-05-07 18:00:00";53360;
"2026-05-07 18:10:00";53582;
"2026-05-07 18:20:00";53959;
"2026-05-07 18:30:00";54654;
"2026-05-07 18:40:00";55225;
"2026-05-07 18:50:00";55816;
"2026-05-07 19:00:00";56037;
"2026-05-07 19:10:00";56221;
"2026-05-07 19:20:00";56381;
"2026-05-07 19:30:00";56745;
"2026-05-07 19:40:00";56846;
"2026-05-07 19:50:00";56914;
"2026-05-07 20:00:00";56932;
"2026-05-07 20:10:00";56491;
"2026-05-07 20:20:00";56072;
"2026-05-07 20:30:00";55814;
"2026-05-07 20:40:00";55828;
"2026-05-07 20:50:00";55669;
"2026-05-07 21:00:00";55282;
"2026-05-07 21:10:00";54318;
"2026-05-07 21:20:00";53613;
"2026-05-07 21:30:00";52826;
"2026-05-07 21:40:00";52119;
"2026-05-07 21:50:00";51286;
"2026-05-07 22:00:00";50623;
"2026-05-07 22:10:00";50067;
"2026-05-07 22:20:00";49552;
"2026-05-07 22:30:00";49182;
"2026-05-07 22:40:00";48987;
"2026-05-07 22:50:00";48806;
"2026-05-07 23:00:00";48696;
"2026-05-07 23:10:00";48689;
"2026-05-07 23:20:00";48579;
"2026-05-07 23:30:00";48804;
"2026-05-07 23:40:00";48895;
"2026-05-07 23:50:00";49148;
"2026-05-08 00:00:00";49428;50368
"2026-05-08 00:10:00";49546;
"2026-05-08 00:20:00";49957;
"2026-05-08 00:30:00";50655;
"2026-05-08 00:40:00";51071;
"2026-05-08 00:50:00";51713;
"2026-05-08 01:00:00";52277;
"2026-05-08 01:10:00";52648;
"2026-05-08 01:20:00";52804;
"2026-05-08 01:30:00";53066;
"2026-05-08 01:40:00";53361;
"2026-05-08 01:50:00";53724;
"2026-05-08 02:00:00";53889;
"2026-05-08 02:10:00";53910;
"2026-05-08 02:20:00";54461;
"2026-05-08 02:30:00";54354;
"2026-05-08 02:40:00";53924;
"2026-05-08 02:50:00";53752;
"2026-05-08 03:00:00";53632;
"2026-05-08 03:10:00";52727;
"2026-05-08 03:20:00";52020;
"2026-05-08 03:30:00";51151;
"2026-05-08 03:40:00";50434;
"2026-05-08 03:50:00";49795;
"2026-05-08 04:00:00";49192;
"2026-05-08 04:10:00";48017;
"2026-05-08 04:20:00";47248;
"2026-05-08 04:30:00";46440;
"2026-05-08 04:40:00";45449;
"2026-05-08 04:50:00";44542;
"2026-05-08 05:00:00";43469;
"2026-05-08 05:10:00";42157;
"2026-05-08 05:20:00";41222;
"2026-05-08 05:30:00";40502;
"2026-05-08 05:40:00";39515;
"2026-05-08 05:50:00";38650;
"2026-05-08 06:00:00";37680;
"2026-05-08 06:10:00";36710;
"2026-05-08 06:20:00";35707;
"2026-05-08 06:30:00";34668;
"2026-05-08 06:40:00";34084;
"2026-05-08 06:50:00";33565;
"2026-05-08 07:00:00";32948;
"2026-05-08 07:10:00";32257;
"2026-05-08 07:20:00";31628;
"2026-05-08 07:30:00";31196;
"2026-05-08 07:40:00";30922;
"2026-05-08 07:50:00";30458;
"2026-05-08 08:00:00";30095;
"2026-05-08 08:10:00";29727;
"2026-05-08 08:20:00";29548;
"2026-05-08 08:30:00";29301;
"2026-05-08 08:40:00";29319;
"2026-05-08 08:50:00";29307;
"2026-05-08 09:00:00";29257;
"2026-05-08 09:10:00";29229;
"2026-05-08 09:20:00";29387;
"2026-05-08 09:30:00";29649;
"2026-05-08 09:40:00";29955;
"2026-05-08 09:50:00";30380;
"2026-05-08 10:00:00";30502;
"2026-05-08 10:10:00";30739;
"2026-05-08 10:20:00";31269;
"2026-05-08 10:30:00";31874;
"2026-05-08 10:40:00";32518;
"2026-05-08 10:50:00";33263;
"2026-05-08 11:00:00";34007;
"2026-05-08 11:10:00";35127;
"2026-05-08 11:20:00";36311;
"2026-05-08 11:30:00";37615;
"2026-05-08 11:40:00";39006;
"2026-05-08 11:50:00";40627;
"2026-05-08 12:00:00";42232;
"2026-05-08 12:10:00";43961;
"2026-05-08 12:20:00";45610;
"2026-05-08 12:30:00";47366;
"2026-05-08 12:40:00";48979;
"2026-05-08 12:50:00";50815;
"2026-05-08 13:00:00";52412;
"2026-05-08 13:10:00";54325;
"2026-05-08 13:20:00";56297;
"2026-05-08 13:30:00";58171;
"2026-05-08 13:40:00";59764;
"2026-05-08 13:50:00";61372;
"2026-05-08 14:00:00";62514;
"2026-05-08 14:10:00";63540;
"2026-05-08 14:20:00";64682;
"2026-05-08 14:30:00";65622;
"2026-05-08 14:40:00";66252;
"2026-05-08 14:50:00";66991;
"2026-05-08 15:00:00";67097;
"2026-05-08 15:10:00";67074;
"2026-05-08 15:20:00";67127;
"2026-05-08 15:30:00";67114;
"2026-05-08 15:40:00";66645;
"2026-05-08 15:50:00";66748;
"2026-05-08 16:00:00";66172;
"2026-05-08 16:10:00";65375;
"2026-05-08 16:20:00";64888;
"2026-05-08 16:30:00";64347;
"2026-05-08 16:40:00";63804;
"2026-05-08 16:50:00";63423;
"2026-05-08 17:00:00";63096;
"2026-05-08 17:10:00";62058;
"2026-05-08 17:20:00";61297;
"2026-05-08 17:30:00";60530;
"2026-05-08 17:40:00";60152;
"2026-05-08 17:50:00";59874;
"2026-05-08 18:00:00";59647;
"2026-05-08 18:10:00";59746;
"2026-05-08 18:20:00";60136;
"2026-05-08 18:30:00";60730;
"2026-05-08 18:40:00";61252;
"2026-05-08 18:50:00";61699;
"2026-05-08 19:00:00";61897;
"2026-05-08 19:10:00";61902;
"2026-05-08 19:20:00";62102;
"2026-05-08 19:30:00";62329;
"2026-05-08 19:40:00";62503;
"2026-05-08 19:50:00";62574;
"2026-05-08 20:00:00";62599;
"2026-05-08 20:10:00";62372;
"2026-05-08 20:20:00";61968;
"2026-05-08 20:30:00";61755;
"2026-05-08 20:40:00";61613;
"2026-05-08 20:50:00";61372;
"2026-05-08 21:00:00";61347;
"2026-05-08 21:10:00";61368;
"2026-05-08 21:20:00";60949;
"2026-05-08 21:30:00";60787;
"2026-05-08 21:40:00";60440;
"2026-05-08 21:50:00";60300;
"2026-05-08 22:00:00";59907;
"2026-05-08 22:10:00";59322;
"2026-05-08 22:20:00";58870;
"2026-05-08 22:30:00";58440;
"2026-05-08 22:40:00";57703;
"2026-05-08 22:50:00";57073;
"2026-05-08 23:00:00";56595;
"2026-05-08 23:10:00";55950;
"2026-05-08 23:20:00";55449;
"2026-05-08 23:30:00";55184;
"2026-05-08 23:40:00";54914;
"2026-05-08 23:50:00";55016;
"2026-05-09 00:00:00";54928;60481
"2026-05-09 00:10:00";54797;
"2026-05-09 00:20:00";54979;
"2026-05-09 00:30:00";55610;
"2026-05-09 00:40:00";55846;
"2026-05-09 00:50:00";56320;
"2026-05-09 01:00:00";56783;
"2026-05-09 01:10:00";57389;
"2026-05-09 01:20:00";58071;
"2026-05-09 01:30:00";58808;
"2026-05-09 01:40:00";59423;
"2026-05-09 01:50:00";60143;
"2026-05-09 02:00:00";61001;
"2026-05-09 02:10:00";61765;
"2026-05-09 02:20:00";62545;
"2026-05-09 02:30:00";63074;
"2026-05-09 02:40:00";63804;
"2026-05-09 02:50:00";64292;
"2026-05-09 03:00:00";64378;
"2026-05-09 03:10:00";64196;
"2026-05-09 03:20:00";64396;
"2026-05-09 03:30:00";64444;
"2026-05-09 03:40:00";64275;
"2026-05-09 03:50:00";64325;
"2026-05-09 04:00:00";64053;
"2026-05-09 04:10:00";63484;
"2026-05-09 04:20:00";62981;
"2026-05-09 04:30:00";62174;
"2026-05-09 04:40:00";61645;
"2026-05-09 04:50:00";61035;
"2026-05-09 05:00:00";60114;
"2026-05-09 05:10:00";59188;
"2026-05-09 05:20:00";58243;
"2026-05-09 05:30:00";57578;
"2026-05-09 05:40:00";56381;
"2026-05-09 05:50:00";55563;
"2026-05-09 06:00:00";54587;
"2026-05-09 06:10:00";53456;
"2026-05-09 06:20:00";52482;
"2026-05-09 06:30:00";51522;
"2026-05-09 06:40:00";50581;
"2026-05-09 06:50:00";49632;
"2026-05-09 07:00:00";49014;
"2026-05-09 07:10:00";48130;
"2026-05-09 07:20:00";47213;
"2026-05-09 07:30:00";46564;
"2026-05-09 07:40:00";45839;
"2026-05-09 07:50:00";45204;
"2026-05-09 08:00:00";44460;
"2026-05-09 08:10:00";44252;
"2026-05-09 08:20:00";44023;
"2026-05-09 08:30:00";43725;
"2026-05-09 08:40:00";43364;
"2026-05-09 08:50:00";43063;
"2026-05-09 09:00:00";42822;
"2026-05-09 09:10:00";42647;
"2026-05-09 09:20:00";42388;
"2026-05-09 09:30:00";42167;
"2026-05-09 09:40:00";42091;
"2026-05-09 09:50:00";42173;
"2026-05-09 10:00:00";42162;
"2026-05-09 10:10:00";41985;
"2026-05-09 10:20:00";42066;
"2026-05-09 10:30:00";42392;
"2026-05-09 10:40:00";42866;
"2026-05-09 10:50:00";43328;
"2026-05-09 11:00:00";43897;
"2026-05-09 11:10:00";44775;
"2026-05-09 11:20:00";45885;
"2026-05-09 11:30:00";46891;
"2026-05-09 11:40:00";48095;
"2026-05-09 11:50:00";49447;
"2026-05-09 12:00:00";50888;
"2026-05-09 12:10:00";52824;
"2026-05-09 12:20:00";54629;
"2026-05-09 12:30:00";56307;
"2026-05-09 12:40:00";58341;
"2026-05-09 12:50:00";60221;
"2026-05-09 13:00:00";61959;
"2026-05-09 13:10:00";63778;
"2026-05-09 13:20:00";65564;
"2026-05-09 13:30:00";67501;
"2026-05-09 13:40:00";69232;
"2026-05-09 13:50:00";70750;
"2026-05-09 14:00:00";72035;
"2026-05-09 14:10:00";73196;
"2026-05-09 14:20:00";74565;
"2026-05-09 14:30:00";75665;
"2026-05-09 14:40:00";76510;
"2026-05-09 14:50:00";77022;
"2026-05-09 15:00:00";77245;
"2026-05-09 15:10:00";77338;
"2026-05-09 15:20:00";77453;
"2026-05-09 15:30:00";77361;
"2026-05-09 15:40:00";77101;
"2026-05-09 15:50:00";76969;
"2026-05-09 16:00:00";76495;
"2026-05-09 16:10:00";75803;
"2026-05-09 16:20:00";75397;
"2026-05-09 16:30:00";75021;
"2026-05-09 16:40:00";74812;
"2026-05-09 16:50:00";74344;
"2026-05-09 17:00:00";73793;
"2026-05-09 17:10:00";72937;
"2026-05-09 17:20:00";72529;
"2026-05-09 17:30:00";72177;
"2026-05-09 17:40:00";71834;
"2026-05-09 17:50:00";71587;
"2026-05-09 18:00:00";71206;
"2026-05-09 18:10:00";70622;
"2026-05-09 18:20:00";70362;
"2026-05-09 18:30:00";70307;
"2026-05-09 18:40:00";70358;
"2026-05-09 18:50:00";70190;
"2026-05-09 19:00:00";70106;
"2026-05-09 19:10:00";70221;
"2026-05-09 19:20:00";70258;
"2026-05-09 19:30:00";70348;
"2026-05-09 19:40:00";70718;
"2026-05-09 19:50:00";70863;
"2026-05-09 20:00:00";70985;
"2026-05-09 20:10:00";70838;
"2026-05-09 20:20:00";70367;
"2026-05-09 20:30:00";70205;
"2026-05-09 20:40:00";69947;
"2026-05-09 20:50:00";69796;
"2026-05-09 21:00:00";69198;
"2026-05-09 21:10:00";68531;
"2026-05-09 21:20:00";67975;
"2026-05-09 21:30:00";67209;
"2026-05-09 21:40:00";66415;
"2026-05-09 21:50:00";65483;
"2026-05-09 22:00:00";64489;
"2026-05-09 22:10:00";63325;
"2026-05-09 22:20:00";62209;
"2026-05-09 22:30:00";61497;
"2026-05-09 22:40:00";60632;
"2026-05-09 22:50:00";59824;
"2026-05-09 23:00:00";58870;
"2026-05-09 23:10:00";58160;
"2026-05-09 23:20:00";57429;
"2026-05-09 23:30:00";56811;
"2026-05-09 23:40:00";56331;
"2026-05-09 23:50:00";56141;
"2026-05-10 00:00:00";55721;59115
"2026-05-10 00:10:00";55435;
"2026-05-10 00:20:00";55459;
"2026-05-10 00:30:00";55516;
"2026-05-10 00:40:00";55610;
"2026-05-10 00:50:00";55864;
"2026-05-10 01:00:00";56147;
"2026-05-10 01:10:00";56728;
"2026-05-10 01:20:00";56947;
"2026-05-10 01:30:00";57483;
"2026-05-10 01:40:00";58155;
"2026-05-10 01:50:00";58898;
"2026-05-10 02:00:00";59442;
"2026-05-10 02:10:00";60163;
"2026-05-10 02:20:00";60966;
"2026-05-10 02:30:00";61575;
"2026-05-10 02:40:00";61969;
"2026-05-10 02:50:00";62424;
"2026-05-10 03:00:00";62757;
"2026-05-10 03:10:00";62819;
"2026-05-10 03:20:00";62949;
"2026-05-10 03:30:00";63168;
"2026-05-10 03:40:00";63216;
"2026-05-10 03:50:00";63141;
"2026-05-10 04:00:00";62669;
"2026-05-10 04:10:00";62099;
"2026-05-10 04:20:00";61837;
"2026-05-10 04:30:00";61228;
"2026-05-10 04:40:00";60657;
"2026-05-10 04:50:00";60398;
"2026-05-10 05:00:00";60324;
"2026-05-10 05:10:00";59994;
"2026-05-10 05:20:00";59637;
"2026-05-10 05:30:00";59229;
"2026-05-10 05:40:00";58569;
"2026-05-10 05:50:00";58028;
"2026-05-10 06:00:00";57415;
"2026-05-10 06:10:00";56343;
"2026-05-10 06:20:00";55519;
"2026-05-10 06:30:00";54568;
"2026-05-10 06:40:00";53629;
"2026-05-10 06:50:00";52854;
"2026-05-10 07:00:00";52101;
"2026-05-10 07:10:00";51387;
"2026-05-10 07:20:00";51014;
"2026-05-10 07:30:00";50504;
"2026-05-10 07:40:00";49922;
"2026-05-10 07:50:00";49548;
"2026-05-10 08:00:00";49040;
"2026-05-10 08:10:00";48523;
"2026-05-10 08:20:00";48037;
"2026-05-10 08:30:00";47716;
"2026-05-10 08:40:00";47262;
"2026-05-10 08:50:00";47068;
"2026-05-10 09:00:00";46806;
"2026-05-10 09:10:00";46162;
"2026-05-10 09:20:00";45781;
"2026-05-10 09:30:00";45323;
"2026-05-10 09:40:00";45024;
"2026-05-10 09:50:00";44957;
"2026-05-10 10:00:00";44829;
"2026-05-10 10:10:00";44819;
"2026-05-10 10:20:00";44858;
"2026-05-10 10:30:00";44978;
"2026-05-10 10:40:00";45266;
"2026-05-10 10:50:00";45721;
"2026-05-10 11:00:00";46048;
"2026-05-10 11:10:00";46927;
"2026-05-10 11:20:00";47780;
"2026-05-10 11:30:00";49019;
"2026-05-10 11:40:00";50233;
"2026-05-10 11:50:00";51263;
"2026-05-10 12:00:00";52859;
"2026-05-10 12:10:00";54916;
"2026-05-10 12:20:00";56700;
"2026-05-10 12:30:00";58534;
"2026-05-10 12:40:00";60533;
"2026-05-10 12:50:00";62100;
"2026-05-10 13:00:00";63452;
"2026-05-10 13:10:00";64898;
"2026-05-10 13:20:00";66247;
"2026-05-10 13:30:00";67588;
"2026-05-10 13:40:00";68808;
"2026-05-10 13:50:00";69723;
"2026-05-10 14:00:00";70254;
"2026-05-10 14:10:00";70709;
"2026-05-10 14:20:00";71259;
"2026-05-10 14:30:00";71749;
"2026-05-10 14:40:00";71667;
"2026-05-10 14:50:00";71496;
"2026-05-10 15:00:00";71272;
"2026-05-10 15:10:00";70108;
"2026-05-10 15:20:00";69194;
"2026-05-10 15:30:00";68509;
"2026-05-10 15:40:00";67688;
"2026-05-10 15:50:00";67002;
"2026-05-10 16:00:00";66616;
"2026-05-10 16:10:00";65849;
"2026-05-10 16:20:00";65114;
"2026-05-10 16:30:00";64953;
"2026-05-10 16:40:00";64690;
"2026-05-10 16:50:00";64513;
"2026-05-10 17:00:00";64279;
"2026-05-10 17:10:00";63850;
"2026-05-10 17:20:00";63807;
"2026-05-10 17:30:00";63944;
"2026-05-10 17:40:00";64153;
"2026-05-10 17:50:00";64572;
"2026-05-10 18:00:00";64832;
"2026-05-10 18:10:00";65404;
"2026-05-10 18:20:00";66068;
"2026-05-10 18:30:00";66617;
"2026-05-10 18:40:00";67273;
"2026-05-10 18:50:00";67747;
"2026-05-10 19:00:00";67891;
"2026-05-10 19:10:00";67814;
"2026-05-10 19:20:00";68246;
"2026-05-10 19:30:00";68577;
"2026-05-10 19:40:00";68615;
"2026-05-10 19:50:00";68524;
"2026-05-10 20:00:00";68432;
"2026-05-10 20:10:00";67885;
"2026-05-10 20:20:00";67301;
"2026-05-10 20:30:00";66700;
"2026-05-10 20:40:00";66281;
"2026-05-10 20:50:00";65724;
"2026-05-10 21:00:00";64571;
"2026-05-10 21:10:00";63673;
"2026-05-10 21:20:00";62949;
"2026-05-10 21:30:00";62151;
"2026-05-10 21:40:00";61520;
"2026-05-10 21:50:00";60729;
"2026-05-10 22:00:00";59941;
"2026-05-10 22:10:00";59033;
"2026-05-10 22:20:00";58335;
"2026-05-10 22:30:00";57501;
"2026-05-10 22:40:00";56774;
"2026-05-10 22:50:00";56282;
"2026-05-10 23:00:00";55798;
"2026-05-10 23:10:00";55185;
"2026-05-10 23:20:00";54859;
"2026-05-10 23:30:00";54856;
"2026-05-10 23:40:00";54708;
"2026-05-10 23:50:00";54712;
"2026-05-11 00:00:00";54744;48678
"2026-05-11 00:10:00";54857;
"2026-05-11 00:20:00";55130;
"2026-05-11 00:30:00";55673;
"2026-05-11 00:40:00";56312;
"2026-05-11 00:50:00";56579;
"2026-05-11 01:00:00";56894;
"2026-05-11 01:10:00";56945;
"2026-05-11 01:20:00";57404;
"2026-05-11 01:30:00";57514;
"2026-05-11 01:40:00";57768;
"2026-05-11 01:50:00";57829;
"2026-05-11 02:00:00";57636;
"2026-05-11 02:10:00";57272;
"2026-05-11 02:20:00";57030;
"2026-05-11 02:30:00";56867;
"2026-05-11 02:40:00";56502;
"2026-05-11 02:50:00";56072;
"2026-05-11 03:00:00";55443;
"2026-05-11 03:10:00";54565;
"2026-05-11 03:20:00";53679;
"2026-05-11 03:30:00";52853;
"2026-05-11 03:40:00";51802;
"2026-05-11 03:50:00";50960;
"2026-05-11 04:00:00";50143;
"2026-05-11 04:10:00";48803;
"2026-05-11 04:20:00";47774;
"2026-05-11 04:30:00";46681;
"2026-05-11 04:40:00";45825;
"2026-05-11 04:50:00";44829;
"2026-05-11 05:00:00";43706;
"2026-05-11 05:10:00";42334;
"2026-05-11 05:20:00";41218;
"2026-05-11 05:30:00";40351;
"2026-05-11 05:40:00";39217;
"2026-05-11 05:50:00";38269;
"2026-05-11 06:00:00";37156;
"2026-05-11 06:10:00";35906;
"2026-05-11 06:20:00";34989;
"2026-05-11 06:30:00";34118;
"2026-05-11 06:40:00";33296;
"2026-05-11 06:50:00";32496;
"2026-05-11 07:00:00";31868;
"2026-05-11 07:10:00";31254;
"2026-05-11 07:20:00";30737;
"2026-05-11 07:30:00";30318;
"2026-05-11 07:40:00";30152;
"2026-05-11 07:50:00";29837;
"2026-05-11 08:00:00";29661;
"2026-05-11 08:10:00";29435;
"2026-05-11 08:20:00";29413;
"2026-05-11 08:30:00";29411;
"2026-05-11 08:40:00";29454;
"2026-05-11 08:50:00";29426;
"2026-05-11 09:00:00";29459;
"2026-05-11 09:10:00";29468;
"2026-05-11 09:20:00";29622;
"2026-05-11 09:30:00";29861;
"2026-05-11 09:40:00";30061;
"2026-05-11 09:50:00";30351;
"2026-05-11 10:00:00";30469;
"2026-05-11 10:10:00";30914;
"2026-05-11 10:20:00";31346;
"2026-05-11 10:30:00";31871;
"2026-05-11 10:40:00";32671;
"2026-05-11 10:50:00";33260;
"2026-05-11 11:00:00";34063;
"2026-05-11 11:10:00";35217;
"2026-05-11 11:20:00";36529;
"2026-05-11 11:30:00";37633;
"2026-05-11 11:40:00";39121;
"2026-05-11 11:50:00";40404;
"2026-05-11 12:00:00";41853;
"2026-05-11 12:10:00";43316;
"2026-05-11 12:20:00";45157;
"2026-05-11 12:30:00";46846;
"2026-05-11 12:40:00";48571;
"2026-05-11 12:50:00";50198;
"2026-05-11 13:00:00";51693;
"2026-05-11 13:10:00";53162;
"2026-05-11 13:20:00";54765;
"2026-05-11 13:30:00";56252;
"2026-05-11 13:40:00";57419;
"2026-05-11 13:50:00";58584;
"2026-05-11 14:00:00";59027;
"2026-05-11 14:10:00";59483;
"2026-05-11 14:20:00";59948;
"2026-05-11 14:30:00";60102;
"2026-05-11 14:40:00";60234;
"2026-05-11 14:50:00";60282;
"2026-05-11 15:00:00";60067;
"2026-05-11 15:10:00";59322;
"2026-05-11 15:20:00";58677;
"2026-05-11 15:30:00";58354;
"2026-05-11 15:40:00";58054;
"2026-05-11 15:50:00";57338;
"2026-05-11 16:00:00";56863;
"2026-05-11 16:10:00";56442;
"2026-05-11 16:20:00";56039;
"2026-05-11 16:30:00";55902;
"2026-05-11 16:40:00";55920;
"2026-05-11 16:50:00";56287;
"2026-05-11 17:00:00";56146;
"2026-05-11 17:10:00";55733;
"2026-05-11 17:20:00";55972;
"2026-05-11 17:30:00";56085;
"2026-05-11 17:40:00";56605;
"2026-05-11 17:50:00";57013;
"2026-05-11 18:00:00";57231;
"2026-05-11 18:10:00";57915;
"2026-05-11 18:20:00";58417;
"2026-05-11 18:30:00";58867;
"2026-05-11 18:40:00";59200;
"2026-05-11 18:50:00";59676;
"2026-05-11 19:00:00";59795;
"2026-05-11 19:10:00";60001;
"2026-05-11 19:20:00";60378;
"2026-05-11 19:30:00";60429;
"2026-05-11 19:40:00";60329;
"2026-05-11 19:50:00";60325;
"2026-05-11 20:00:00";60151;
"2026-05-11 20:10:00";59465;
"2026-05-11 20:20:00";59107;
"2026-05-11 20:30:00";58618;
"2026-05-11 20:40:00";57942;
"2026-05-11 20:50:00";57338;
"2026-05-11 21:00:00";56659;
"2026-05-11 21:10:00";55774;
"2026-05-11 21:20:00";55130;
"2026-05-11 21:30:00";54488;
"2026-05-11 21:40:00";53791;
"2026-05-11 21:50:00";53245;
"2026-05-11 22:00:00";52545;
"2026-05-11 22:10:00";51780;
"2026-05-11 22:20:00";51284;
"2026-05-11 22:30:00";51025;
"2026-05-11 22:40:00";50842;
"2026-05-11 22:50:00";50869;
"2026-05-11 23:00:00";50575;
"2026-05-11 23:10:00";50473;
"2026-05-11 23:20:00";50866;
"2026-05-11 23:30:00";51035;
"2026-05-11 23:40:00";51609;
"2026-05-11 23:50:00";52090;
"2026-05-12 00:00:00";52525;50553
"2026-05-12 00:10:00";53244;
"2026-05-12 00:20:00";53768;
"2026-05-12 00:30:00";54345;
"2026-05-12 00:40:00";55281;
"2026-05-12 00:50:00";55979;
"2026-05-12 01:00:00";56400;
"2026-05-12 01:10:00";56658;
"2026-05-12 01:20:00";56862;
"2026-05-12 01:30:00";57070;
"2026-05-12 01:40:00";57406;
"2026-05-12 01:50:00";57494;
"2026-05-12 02:00:00";57597;
"2026-05-12 02:10:00";57429;
"2026-05-12 02:20:00";57231;
"2026-05-12 02:30:00";57189;
"2026-05-12 02:40:00";56763;
"2026-05-12 02:50:00";56356;
"2026-05-12 03:00:00";55749;
"2026-05-12 03:10:00";54697;
"2026-05-12 03:20:00";53994;
"2026-05-12 03:30:00";53137;
"2026-05-12 03:40:00";52220;
"2026-05-12 03:50:00";51192;
"2026-05-12 04:00:00";50410;
"2026-05-12 04:10:00";49129;
"2026-05-12 04:20:00";48013;
"2026-05-12 04:30:00";47088;
"2026-05-12 04:40:00";46148;
"2026-05-12 04:50:00";44985;
"2026-05-12 05:00:00";43927;
"2026-05-12 05:10:00";42470;
"2026-05-12 05:20:00";41517;
"2026-05-12 05:30:00";40330;
"2026-05-12 05:40:00";39480;
"2026-05-12 05:50:00";38362;
"2026-05-12 06:00:00";37385;
"2026-05-12 06:10:00";36321;
"2026-05-12 06:20:00";35512;
"2026-05-12 06:30:00";34601;
"2026-05-12 06:40:00";33839;
"2026-05-12 06:50:00";33266;
"2026-05-12 07:00:00";32488;
"2026-05-12 07:10:00";31630;
"2026-05-12 07:20:00";31113;
"2026-05-12 07:30:00";30545;
"2026-05-12 07:40:00";30105;
"2026-05-12 07:50:00";29851;
"2026-05-12 08:00:00";29555;
"2026-05-12 08:10:00";29256;
"2026-05-12 08:20:00";29162;
"2026-05-12 08:30:00";29106;
"2026-05-12 08:40:00";29274;
"2026-05-12 08:50:00";29452;
"2026-05-12 09:00:00";29440;
"2026-05-12 09:10:00";29547;
"2026-05-12 09:20:00";29958;
"2026-05-12 09:30:00";30141;
"2026-05-12 09:40:00";30528;
"2026-05-12 09:50:00";30895;
"2026-05-12 10:00:00";31061;
"2026-05-12 10:10:00";31433;
"2026-05-12 10:20:00";32008;
"2026-05-12 10:30:00";32613;
"2026-05-12 10:40:00";33358;
"2026-05-12 10:50:00";34046;
"2026-05-12 11:00:00";34963;
"2026-05-12 11:10:00";35970;
"2026-05-12 11:20:00";37258;
"2026-05-12 11:30:00";38665;
"2026-05-12 11:40:00";40189;
"2026-05-12 11:50:00";41535;
"2026-05-12 12:00:00";43050;
"2026-05-12 12:10:00";44518;
"2026-05-12 12:20:00";46082;
"2026-05-12 12:30:00";48029;
"2026-05-12 12:40:00";49779;
"2026-05-12 12:50:00";51531;
"2026-05-12 13:00:00";53102;
"2026-05-12 13:10:00";54673;
"2026-05-12 13:20:00";56086;
"2026-05-12 13:30:00";57172;
"2026-05-12 13:40:00";58299;
"2026-05-12 13:50:00";59496;
"2026-05-12 14:00:00";60140;
"2026-05-12 14:10:00";60382;
"2026-05-12 14:20:00";60949;
"2026-05-12 14:30:00";61166;
"2026-05-12 14:40:00";61214;
"2026-05-12 14:50:00";61120;
"2026-05-12 15:00:00";60719;
"2026-05-12 15:10:00";59933;
"2026-05-12 15:20:00";59309;
"2026-05-12 15:30:00";58939;
"2026-05-12 15:40:00";58599;
"2026-05-12 15:50:00";58322;
"2026-05-12 16:00:00";57653;
"2026-05-12 16:10:00";57218;
"2026-05-12 16:20:00";57115;
"2026-05-12 16:30:00";56846;
"2026-05-12 16:40:00";56849;
"2026-05-12 16:50:00";56473;
"2026-05-12 17:00:00";56332;
"2026-05-12 17:10:00";56214;
"2026-05-12 17:20:00";56281;
"2026-05-12 17:30:00";56252;
"2026-05-12 17:40:00";56297;
"2026-05-12 17:50:00";56248;
"2026-05-12 18:00:00";55715;
"2026-05-12 18:10:00";45328;
"2026-05-12 18:20:00";27755;
"2026-05-12 18:30:00";37743;
"2026-05-12 18:40:00";46961;
"2026-05-12 18:50:00";54476;
"2026-05-12 19:00:00";59697;
"2026-05-12 19:10:00";63783;
"2026-05-12 19:20:00";66987;
"2026-05-12 19:30:00";69257;
"2026-05-12 19:40:00";71009;
"2026-05-12 19:50:00";72468;
"2026-05-12 20:00:00";72721;
"2026-05-12 20:10:00";72745;
"2026-05-12 20:20:00";72855;
"2026-05-12 20:30:00";72863;
"2026-05-12 20:40:00";72421;
"2026-05-12 20:50:00";71999;
"2026-05-12 21:00:00";71162;
"2026-05-12 21:10:00";69896;
"2026-05-12 21:20:00";68982;
"2026-05-12 21:30:00";67858;
"2026-05-12 21:40:00";67085;
"2026-05-12 21:50:00";66324;
"2026-05-12 22:00:00";65647;
"2026-05-12 22:10:00";64310;
"2026-05-12 22:20:00";62847;
"2026-05-12 22:30:00";62661;
"2026-05-12 22:40:00";62183;
"2026-05-12 22:50:00";61984;
"2026-05-12 23:00:00";61580;
"2026-05-12 23:10:00";61444;
"2026-05-12 23:20:00";61283;
"2026-05-12 23:30:00";61503;
"2026-05-12 23:40:00";61859;
"2026-05-12 23:50:00";62201;
"2026-05-13 00:00:00";62435;56630
"2026-05-13 00:10:00";63091;
"2026-05-13 00:20:00";63775;
"2026-05-13 00:30:00";64218;
"2026-05-13 00:40:00";64952;
"2026-05-13 00:50:00";65411;
"2026-05-13 01:00:00";65647;
"2026-05-13 01:10:00";65750;
"2026-05-13 01:20:00";66252;
"2026-05-13 01:30:00";66470;
"2026-05-13 01:40:00";66692;
"2026-05-13 01:50:00";66738;
"2026-05-13 02:00:00";66482;
"2026-05-13 02:10:00";66291;
"2026-05-13 02:20:00";66187;
"2026-05-13 02:30:00";66024;
"2026-05-13 02:40:00";65802;
"2026-05-13 02:50:00";65315;
"2026-05-13 03:00:00";64738;
"2026-05-13 03:10:00";63841;
"2026-05-13 03:20:00";62905;
"2026-05-13 03:30:00";62013;
"2026-05-13 03:40:00";61121;
"2026-05-13 03:50:00";60115;
"2026-05-13 04:00:00";58980;
"2026-05-13 04:10:00";57518;
"2026-05-13 04:20:00";56369;
"2026-05-13 04:30:00";55197;
"2026-05-13 04:40:00";53993;
"2026-05-13 04:50:00";52917;
"2026-05-13 05:00:00";51347;
"2026-05-13 05:10:00";49818;
"2026-05-13 05:20:00";48462;
"2026-05-13 05:30:00";47349;
"2026-05-13 05:40:00";46190;
"2026-05-13 05:50:00";45212;
"2026-05-13 06:00:00";43989;
"2026-05-13 06:10:00";42522;
"2026-05-13 06:20:00";41466;
"2026-05-13 06:30:00";40466;
"2026-05-13 06:40:00";39807;
"2026-05-13 06:50:00";38921;
"2026-05-13 07:00:00";37910;
"2026-05-13 07:10:00";36856;
"2026-05-13 07:20:00";36198;
"2026-05-13 07:30:00";35684;
"2026-05-13 07:40:00";35643;
"2026-05-13 07:50:00";35152;
"2026-05-13 08:00:00";34724;
"2026-05-13 08:10:00";34432;
"2026-05-13 08:20:00";34175;
"2026-05-13 08:30:00";34028;
"2026-05-13 08:40:00";34145;
"2026-05-13 08:50:00";34182;
"2026-05-13 09:00:00";34054;
"2026-05-13 09:10:00";34349;
"2026-05-13 09:20:00";34726;
"2026-05-13 09:30:00";35036;
"2026-05-13 09:40:00";35310;
"2026-05-13 09:50:00";35531;
"2026-05-13 10:00:00";35838;
"2026-05-13 10:10:00";36340;
"2026-05-13 10:20:00";36853;
"2026-05-13 10:30:00";37472;
"2026-05-13 10:40:00";38248;
"2026-05-13 10:50:00";38980;
"2026-05-13 11:00:00";39936;
"2026-05-13 11:10:00";41151;
"2026-05-13 11:20:00";42621;
"2026-05-13 11:30:00";44072;
"2026-05-13 11:40:00";45886;
"2026-05-13 11:50:00";47406;
"2026-05-13 12:00:00";48944;
"2026-05-13 12:10:00";50938;
"2026-05-13 12:20:00";53051;
"2026-05-13 12:30:00";54816;
"2026-05-13 12:40:00";56787;
"2026-05-13 12:50:00";58589;
"2026-05-13 13:00:00";60036;
"2026-05-13 13:10:00";61743;
"2026-05-13 13:20:00";63436;
"2026-05-13 13:30:00";64651;
"2026-05-13 13:40:00";65978;
"2026-05-13 13:50:00";67159;
"2026-05-13 14:00:00";67726;
"2026-05-13 14:10:00";68249;
"2026-05-13 14:20:00";68811;
"2026-05-13 14:30:00";69023;
"2026-05-13 14:40:00";69146;
"2026-05-13 14:50:00";69134;
"2026-05-13 15:00:00";68624;
"2026-05-13 15:10:00";67949;
"2026-05-13 15:20:00";67367;
"2026-05-13 15:30:00";66869;
"2026-05-13 15:40:00";66368;
"2026-05-13 15:50:00";66094;
"2026-05-13 16:00:00";65469;
"2026-05-13 16:10:00";64810;
"2026-05-13 16:20:00";64463;
"2026-05-13 16:30:00";64093;
"2026-05-13 16:40:00";63558;
"2026-05-13 16:50:00";63504;
"2026-05-13 17:00:00";63583;
"2026-05-13 17:10:00";63349;
"2026-05-13 17:20:00";63480;
"2026-05-13 17:30:00";63572;
"2026-05-13 17:40:00";63811;
"2026-05-13 17:50:00";63931;
"2026-05-13 18:00:00";64174;
"2026-05-13 18:10:00";64541;
"2026-05-13 18:20:00";64895;
"2026-05-13 18:30:00";65710;
"2026-05-13 18:40:00";66403;
"2026-05-13 18:50:00";66851;
"2026-05-13 19:00:00";67187;
"2026-05-13 19:10:00";67640;
"2026-05-13 19:20:00";68076;
"2026-05-13 19:30:00";68844;
"2026-05-13 19:40:00";69258;
"2026-05-13 19:50:00";69619;
"2026-05-13 20:00:00";69932;
"2026-05-13 20:10:00";70096;
"2026-05-13 20:20:00";70080;
"2026-05-13 20:30:00";69705;
"2026-05-13 20:40:00";69325;
"2026-05-13 20:50:00";68901;
"2026-05-13 21:00:00";68124;
"2026-05-13 21:10:00";67277;
"2026-05-13 21:20:00";66599;
"2026-05-13 21:30:00";65834;
"2026-05-13 21:40:00";65232;
"2026-05-13 21:50:00";64647;
"2026-05-13 22:00:00";63896;
"2026-05-13 22:10:00";62900;
"2026-05-13 22:20:00";62292;
"2026-05-13 22:30:00";61741;
"2026-05-13 22:40:00";61208;
"2026-05-13 22:50:00";60765;
"2026-05-13 23:00:00";60316;
"2026-05-13 23:10:00";59831;
"2026-05-13 23:20:00";59677;
"2026-05-13 23:30:00";59736;
"2026-05-13 23:40:00";59920;
"2026-05-13 23:50:00";59721;
"2026-05-14 00:00:00";59639;58394
"2026-05-14 00:10:00";60184;
"2026-05-14 00:20:00";60570;
"2026-05-14 00:30:00";60911;
"2026-05-14 00:40:00";61763;
"2026-05-14 00:50:00";62240;
"2026-05-14 01:00:00";62447;58262
"2026-05-14 01:10:00";62692;
"2026-05-14 01:20:00";63079;
"2026-05-14 01:30:00";63495;
"2026-05-14 01:40:00";63685;
"2026-05-14 01:50:00";;
"2026-05-14 02:00:00";63544;58132
"2026-05-14 02:10:00";63273;
"2026-05-14 02:20:00";63089;
"2026-05-14 02:30:00";62931;
"2026-05-14 02:40:00";62835;
"2026-05-14 02:50:00";62117;
"2026-05-14 03:00:00";61137;57975
"2026-05-14 03:10:00";60500;
"2026-05-14 03:20:00";59622;
"2026-05-14 03:30:00";58493;
"2026-05-14 03:40:00";57808;57975